code,name,category,current_price,52w low,52w high,market cap,NTA
5108,ICAPITAL.BIZ BERHAD,Closed-End Fund,1.99,1.99,2.47,278.6M,3.18
5281,ADVANCECON HOLDINGS BERHAD,Construction,0.28,0.27,0.485,113.1M,0.48
7078,AHMAD ZAKI RESOURCES BERHAD,Construction,0.195,0.185,0.575,116.6M,0.7139
5293,AME ELITE CONSORTIUM BERHAD,Construction,1.37,1.37,2.05,585.1M,1.45
5190,BENALEC HOLDINGS BERHAD,Construction,0.085,0.075,0.23,73.3M,0.66
5932,BINA PURI HOLDINGS BHD,Construction,0.05,0.045,0.235,38.2M,0.3757
8761,BREM HOLDING BERHAD,Construction,0.68,0.67,0.8,234.9M,1.7
8591,CREST BUILDER HOLDINGS BERHAD,Construction,0.705,0.69,1.21,124.7M,3.02
7528,DKLS INDUSTRIES BHD,Construction,1.64,1.53,1.9,152.0M,4.32
5253,ECONPILE HOLDINGS BERHAD,Construction,0.485,0.42,0.88,648.7M,0.3
8877,EKOVEST BERHAD,Construction,0.465,0.425,1.04,"1,234.5M",0.96
5205,EVERSENDAI CORPORATION BERHAD,Construction,0.23,0.225,0.56,179.7M,1.18
7047,FAJARBARU BUILDER GROUP BHD,Construction,0.29,0.23,0.52,108.4M,0.8336
5226,GABUNGAN AQRS BERHAD,Construction,0.945,0.925,1.54,467.4M,1.04
9261,GADANG HOLDINGS BHD,Construction,0.4,0.37,0.96,291.2M,1.11
5398,GAMUDA BERHAD,Construction,2.95,2.79,4.3,"7,413.9M",3.35
3204,GEORGE KENT (MALAYSIA) BERHAD,Construction,0.655,0.52,1.38,368.9M,0.9178
5169,HO HUP CONSTRUCTION COMPANY BHD,Construction,0.405,0.38,0.695,167.0M,1.05
6238,HOCK SENG LEE BERHAD,Construction,1.13,1.13,1.51,658.4M,1.4885
3336,IJM CORPORATION BERHAD,Construction,1.55,1.49,2.51,"5,640.9M",2.64
5268,IKHMAS JAYA GROUP BERHAD,Construction,0.025,0.015,0.29,14.7M,0.08
0192,INTA BINA GROUP BERHAD,Construction,0.205,0.195,0.325,109.7M,0.256
8834,IREKA CORPORATION BERHAD,Construction,0.405,0.34,0.61,75.6M,0.57
4723,JAKS RESOURCES BERHAD,Construction,0.83,0.66,1.57,540.4M,1.52
7161,KERJAYA PROSPEK GROUP BERHAD,Construction,1.09,1.03,1.49,"1,353.7M",0.87
5171,KIMLUN CORPORATION BERHAD,Construction,0.85,0.82,1.49,288.8M,2.1202
9628,LEBTECH BERHAD,Construction,0.95,0.735,1.11,129.7M,0.9383
5129,MELATI EHSAN HOLDINGS BERHAD,Construction,0.45,0.36,0.515,54.0M,1.78
8192,MERCURY INDUSTRIES BERHAD,Construction,0.7,0.66,0.85,28.1M,1.8264
7595,MGB BERHAD,Construction,0.44,0.43,0.815,220.7M,0.91
9571,MITRAJAYA HOLDINGS BERHAD,Construction,0.205,0.205,0.45,183.7M,0.86
5924,MTD ACPI ENGINEERING BERHAD,Construction,0.09,0.09,0.25,20.8M,0.36
5085,MUDAJAYA GROUP BERHAD,Construction,0.26,0.18,0.555,157.4M,0.25
5703,MUHIBBAH ENGINEERING (M) BHD,Construction,1.05,0.975,3.08,509.5M,2.31
7071,OCR GROUP BERHAD,Construction,0.25,0.22,0.37,83.2M,0.26
8311,PESONA METRO HOLDINGS BERHAD,Construction,0.175,0.16,0.28,121.6M,0.2635
5622,PIMPINAN EHSAN BERHAD,Construction,0.73,0.73,0.9,50.5M,1.04
9598,PINTARAS JAYA BHD,Construction,2.73,2.05,3.43,452.8M,1.98
7145,PRINSIPTEK CORPORATION BERHAD,Construction,0.065,0.055,0.17,32.6M,0.51
5070,PROTASCO BERHAD,Construction,0.195,0.18,0.435,96.6M,0.6824
6807,PUNCAK NIAGA HOLDINGS BERHAD,Construction,0.18,0.165,0.415,80.9M,2.92
5006,STELLA HOLDINGS BERHAD,Construction,0.81,0.75,1.81,54.3M,0.67
5263,SUNWAY CONSTRUCTION GROUP BERHAD,Construction,1.79,1.55,2.2,"2,314.3M",0.48
9717,SYCAL VENTURES BERHAD,Construction,0.205,0.18,0.285,85.3M,0.6682
5054,TRC SYNERGY BERHAD,Construction,0.31,0.31,0.765,149.0M,0.89
5042,TSR CAPITAL BERHAD,Construction,0.29,0.25,0.595,50.6M,0.9
7070,VIZIONE HOLDINGS BERHAD,Construction,0.31,0.29,1.17,191.7M,0.9803
3565,WCE HOLDINGS BERHAD,Construction,0.24,0.22,0.695,292.5M,0.9695
9679,WCT HOLDINGS BERHAD,Construction,0.425,0.42,1.22,602.7M,2.3
7028,ZECON BERHAD,Construction,0.36,0.23,0.7,51.9M,1.76
2283,ZELAN BERHAD,Construction,0.05,0.045,0.11,42.2M,0.06
5250,7-ELEVEN MALAYSIA HOLDINGS BERHAD,Consumer Products & Services,1.35,1.27,1.56,"1,665.1M",0.0893
7120,ACOUSTECH BERHAD,Consumer Products & Services,0.27,0.26,0.46,52.5M,0.52
1481,ADVANCE SYNERGY BERHAD,Consumer Products & Services,0.1,0.09,0.24,92.9M,0.518
6599,AEON CO. (M) BHD,Consumer Products & Services,1.0,0.98,1.83,"1,404.0M",1.21
7315,AHB HOLDINGS BERHAD,Consumer Products & Services,0.06,0.055,0.185,10.6M,0.16699999999999998
5099,AIRASIA GROUP BERHAD,Consumer Products & Services,0.82,0.79,3.05,"2,740.4M",1.33
2658,AJINOMOTO (MALAYSIA) BERHAD,Consumer Products & Services,13.6,13.36,18.48,826.9M,7.91
6351,AMWAY (MALAYSIA) HOLDINGS BERHAD,Consumer Products & Services,4.94,4.8,6.25,812.1M,1.35
5194,APFT BERHAD,Consumer Products & Services,0.005,0.005,0.025,6.7M,-0.01
6432,APOLLO FOOD HOLDINGS BERHAD,Consumer Products & Services,3.2,3.18,4.09,256.0M,3.14
7722,ASIA BRANDS BERHAD,Consumer Products & Services,0.44,0.42,0.58,102.4M,0.86
7129,ASIA FILE CORPORATION BHD,Consumer Products & Services,1.79,1.67,2.6,348.6M,3.1519999999999997
7048,ATLAN HOLDINGS BHD,Consumer Products & Services,4.0,3.8,4.8,"1,014.6M",2.03
8885,AVILLION BERHAD,Consumer Products & Services,0.075,0.06,0.25,70.8M,0.2338
5238,AirAsia X Berhad,Consumer Products & Services,0.065,0.06,0.26,269.6M,0.05
5196,BERJAYA FOOD BERHAD,Consumer Products & Services,1.25,1.15,1.81,477.7M,1.0423
4219,BERJAYA LAND BERHAD,Consumer Products & Services,0.15,0.135,0.29,750.1M,0.82
1562,BERJAYA SPORTS TOTO BERHAD,Consumer Products & Services,2.1,2.05,2.82,"2,837.2M",0.59
5248,BERMAZ AUTO BERHAD,Consumer Products & Services,1.48,1.48,2.78,"1,722.1M",0.4164
9288,BONIA CORPORATION BERHAD,Consumer Products & Services,0.605,0.23,1.06,122.0M,1.9295
9474,BRAHIM'S HOLDINGS BERHAD,Consumer Products & Services,0.105,0.075,0.39,24.8M,-0.09
4162,BRITISH AMERICAN TOBACCO (MALAYSIA) BERHAD,Consumer Products & Services,11.04,10.22,37.0,"3,152.3M",1.36
2828,C.I. HOLDINGS BERHAD,Consumer Products & Services,1.06,1.06,1.55,171.7M,1.35
7174,CAB CAKARAN CORPORATION BERHAD,Consumer Products & Services,0.26,0.24,0.65,179.5M,0.67
7154,CAELY HOLDINGS BHD,Consumer Products & Services,0.325,0.285,1.19,53.4M,0.52
7128,CAM RESOURCES BERHAD,Consumer Products & Services,0.22,0.2,0.305,43.3M,0.58
5245,CARING PHARMACY GROUP BERHAD,Consumer Products & Services,2.58,1.86,2.59,561.7M,0.67
2836,CARLSBERG BREWERY MALAYSIA BERHAD,Consumer Products & Services,22.82,21.72,39.26,"6,977.2M",0.51
7035,CCK CONSOLIDATED HOLDINGS BERHAD,Consumer Products & Services,0.4,0.365,0.655,252.3M,0.44
7209,CHEETAH HOLDINGS BERHAD,Consumer Products & Services,0.3,0.24,0.34,38.3M,1.1
5188,CHINA OUHUA WINERY HOLDINGS LIMITED,Consumer Products & Services,0.025,0.025,0.055,16.7M,0.19
7202,CLASSIC SCENIC BERHAD,Consumer Products & Services,0.755,0.75,1.14,91.0M,0.77
5104,CNI HOLDINGS BERHAD,Consumer Products & Services,0.05,0.04,0.095,36.0M,0.1
7205,COCOALAND HOLDINGS BERHAD,Consumer Products & Services,1.7,1.68,2.22,389.0M,1.09
9423,CWG HOLDINGS BERHAD,Consumer Products & Services,0.32,0.32,0.51,40.4M,0.67
2925,CYCLE & CARRIAGE BINTANG BERHAD,Consumer Products & Services,1.43,1.2,2.14,144.1M,2.47
7179,D.B.E. GURNEY RESOURCES BERHAD,Consumer Products & Services,0.025,0.02,0.035,70.9M,0.02
7119,DEGEM BERHAD,Consumer Products & Services,1.07,0.76,1.13,143.4M,1.94
5908,DKSH HOLDINGS (MALAYSIA) BERHAD,Consumer Products & Services,2.39,2.1,2.99,376.8M,3.9344
1619,DRB-HICOM BERHAD,Consumer Products & Services,1.54,1.46,3.0,"2,977.2M",3.62
3026,DUTCH LADY MILK INDUSTRIES BERHAD,Consumer Products & Services,40.3,39.66,64.5,"2,579.2M",2.26
2097,EASTLAND EQUITY BHD,Consumer Products & Services,0.065,0.065,0.12,21.1M,0.58
7182,EKA NOODLES BERHAD,Consumer Products & Services,0.04,0.035,0.065,12.5M,-0.11
9091,EMICO HOLDINGS BERHAD,Consumer Products & Services,0.115,0.1,0.25,12.1M,0.43
7149,ENG KAH CORPORATION BERHAD,Consumer Products & Services,0.9,0.765,1.12,63.7M,1.0
5081,ESTHETICS INTERNATIONAL GROUP BERHAD,Consumer Products & Services,0.49,0.46,0.675,116.2M,0.75
7208,EURO HOLDINGS BERHAD,Consumer Products & Services,0.2,0.08,0.235,53.5M,0.2322
7094,EUROSPAN HOLDINGS BERHAD,Consumer Products & Services,0.36,0.32,0.48,16.0M,0.9814
2755,FCW HOLDINGS BERHAD,Consumer Products & Services,0.6,0.6,0.95,150.0M,0.63
8605,FEDERAL INTERNATIONAL HOLDINGS BERHAD,Consumer Products & Services,0.235,0.21,0.53,25.6M,0.9857
6939,FIAMMA HOLDINGS BERHAD,Consumer Products & Services,0.44,0.43,0.54,224.4M,1.01
9172,FORMOSA PROSONIC INDUSTRIES BERHAD,Consumer Products & Services,1.44,1.36,1.86,356.2M,1.25
3689,FRASER & NEAVE HOLDINGS BHD,Consumer Products & Services,28.7,28.1,36.96,"10,526.5M",7.24
7184,G3 GLOBAL BERHAD,Consumer Products & Services,1.86,0.71,3.72,870.6M,0.09
3182,GENTING BERHAD,Consumer Products & Services,3.99,3.93,7.08,"15,468.8M",9.18
4715,GENTING MALAYSIA BERHAD,Consumer Products & Services,2.43,2.37,4.0,"14,429.4M",3.27
5079,GETS GLOBAL BERHAD,Consumer Products & Services,0.075,0.075,0.415,9.5M,0.31
5592,GRAND CENTRAL ENTERPRISES BHD,Consumer Products & Services,0.42,0.41,0.5,82.7M,1.08
0136,GREENYIELD BERHAD,Consumer Products & Services,0.1,0.09,0.165,33.4M,0.162
5102,GUAN CHONG BERHAD,Consumer Products & Services,1.95,1.88,5.03,"1,967.7M",0.9433
7668,HAI-O ENTERPRISE BERHAD,Consumer Products & Services,1.6,1.56,2.77,480.5M,1.03
5008,HARRISONS HOLDINGS (MALAYSIA) BERHAD,Consumer Products & Services,3.4,3.3,3.98,232.9M,4.61
5187,HB GLOBAL LIMITED,Consumer Products & Services,0.04,0.04,0.155,18.7M,0.43
3255,HEINEKEN MALAYSIA BERHAD,Consumer Products & Services,21.9,20.76,31.74,"6,615.9M",1.3
5160,HOMERITZ CORPORATION BERHAD,Consumer Products & Services,0.545,0.5,0.75,163.5M,0.55
3301,HONG LEONG INDUSTRIES BERHAD,Consumer Products & Services,7.97,7.97,11.6,"2,613.4M",5.48
5024,HUP SENG INDUSTRIES BERHAD,Consumer Products & Services,0.84,0.815,1.03,672.0M,0.19
8478,HWA TAI INDUSTRIES BERHAD,Consumer Products & Services,0.25,0.22,0.35,18.7M,0.3005
9113,ICONIC WORLDWIDE BERHAD,Consumer Products & Services,0.275,0.245,0.49,89.0M,0.3
7243,IMPIANA HOTELS BERHAD,Consumer Products & Services,0.095,0.015,0.305,72.9M,0.066
5107,IQ GROUP HOLDINGS BERHAD,Consumer Products & Services,0.395,0.32,1.21,34.8M,1.44
7223,JADI IMAGING HOLDINGS BERHAD,Consumer Products & Services,0.035,0.035,0.075,36.3M,0.13
7152,JAYCORP BERHAD,Consumer Products & Services,0.88,0.8,1.22,120.8M,1.23
8931,JERASIA CAPITAL BERHAD,Consumer Products & Services,0.28,0.25,0.42,23.0M,1.89
7167,JOHORE TIN BERHAD,Consumer Products & Services,1.21,1.1,1.9,375.7M,1.1
5172,K-STAR SPORTS LIMITED,Consumer Products & Services,0.07,0.055,0.12,31.2M,0.0568
8672,KAMDAR GROUP (M) BERHAD,Consumer Products & Services,0.21,0.21,0.38,41.6M,1.12
5247,KAREX BERHAD,Consumer Products & Services,0.365,0.335,0.665,365.9M,0.48
7216,KAWAN FOOD BERHAD,Consumer Products & Services,1.09,1.04,1.79,391.9M,0.9
6203,KHEE SAN BERHAD,Consumer Products & Services,0.285,0.165,0.675,32.6M,0.66
7062,KHIND HOLDINGS BERHAD,Consumer Products & Services,1.55,1.25,1.75,62.1M,3.3
4847,KONSORTIUM TRANSNASIONAL BERHAD,Consumer Products & Services,0.05,0.04,0.195,20.1M,0.04
7130,KUMPULAN POWERNET BERHAD,Consumer Products & Services,1.98,0.295,3.11,165.9M,0.36
1643,LANDMARKS BERHAD,Consumer Products & Services,0.34,0.32,0.63,179.8M,3.38
7006,LATITUDE TREE HOLDINGS BERHAD,Consumer Products & Services,2.47,2.4,4.05,240.1M,5.95
9385,LAY HONG BERHAD,Consumer Products & Services,0.31,0.3,0.53,204.7M,0.52
8079,LEE SWEE KIAT GROUP BERHAD,Consumer Products & Services,0.5,0.45,0.95,83.9M,0.35
6633,LEONG HUP INTERNATIONAL BERHAD,Consumer Products & Services,0.55,0.48,1.19,"2,007.5M",0.4496
7089,LII HEN INDUSTRIES BHD.,Consumer Products & Services,2.42,2.34,3.29,435.6M,2.08
7126,LONDON BISCUITS BERHAD,Consumer Products & Services,0.02,0.01,0.42,5.8M,-0.25
8303,LOTUS KFM BERHAD,Consumer Products & Services,0.11,0.08,0.2,75.9M,0.07
7085,LTKM BERHAD,Consumer Products & Services,1.2,0.975,1.36,156.1M,1.98
7087,MAGNI-TECH INDUSTRIES BERHAD,Consumer Products & Services,1.79,1.67,7.11,776.8M,1.37
3859,MAGNUM BERHAD,Consumer Products & Services,2.09,2.0,2.9,"3,004.9M",1.74
3662,MALAYAN FLOUR MILLS BERHAD,Consumer Products & Services,0.465,0.44,0.855,466.9M,1.09
3891,MALAYAN UNITED INDUSTRIES BERHAD,Consumer Products & Services,0.125,0.115,0.255,366.6M,0.1199
3514,MARCO HOLDINGS BERHAD,Consumer Products & Services,0.1,0.095,0.13,105.4M,0.19
5983,MBM RESOURCES BHD,Consumer Products & Services,2.75,2.66,4.47,"1,074.9M",4.46
7234,MESB BERHAD,Consumer Products & Services,0.2,0.185,0.53,18.2M,1.04
7935,MILUX CORPORATION BERHAD,Consumer Products & Services,0.82,0.6,0.9,48.2M,0.71
5166,MINDA GLOBAL BERHAD,Consumer Products & Services,0.04,0.03,0.12,49.6M,0.16
5886,MINTYE BERHAD,Consumer Products & Services,1.33,0.76,1.36,80.9M,1.78
5202,MSM MALAYSIA HOLDINGS BERHAD,Consumer Products & Services,0.5,0.47,2.01,351.5M,2.36
3905,MULPHA INTERNATIONAL BERHAD,Consumer Products & Services,1.48,1.36,2.6,473.0M,8.98
5150,MULTI SPORTS HOLDINGS LTD,Consumer Products & Services,0.005,0.005,0.025,3.0M,-0.006999999999999999
5275,MYNEWS HOLDINGS BERHAD,Consumer Products & Services,0.755,0.73,1.49,515.0M,0.44
4707,NESTLE (MALAYSIA) BERHAD,Consumer Products & Services,135.1,120.0,149.9,"31,681.0M",2.84
7060,NEW HOONG FATT HOLDINGS BERHAD,Consumer Products & Services,2.37,2.3,2.86,195.9M,5.61
7215,NI HSIN RESOURCES BERHAD,Consumer Products & Services,0.105,0.095,0.305,33.8M,0.27
7139,NICHE CAPITAL EMAS HOLDINGS BERHAD,Consumer Products & Services,0.04,0.02,0.075,28.1M,0.05
5066,NTPM HOLDINGS BERHAD,Consumer Products & Services,0.47,0.385,0.575,527.9M,0.4
5533,OCB BERHAD,Consumer Products & Services,0.33,0.33,0.58,33.9M,1.81
0049,OCEANCASH PACIFIC BERHAD,Consumer Products & Services,0.485,0.4,0.82,119.0M,0.4015
3018,OLYMPIA INDUSTRIES BERHAD,Consumer Products & Services,0.07,0.065,0.135,71.6M,0.41
5260,ONLY WORLD GROUP HOLDINGS BERHAD,Consumer Products & Services,0.3,0.29,0.74,85.5M,0.91
7107,ORIENTAL FOOD INDUSTRIES HOLDINGS BERHAD,Consumer Products & Services,0.605,0.55,0.9,145.2M,0.81
4006,ORIENTAL HOLDINGS BERHAD,Consumer Products & Services,5.64,5.53,6.87,"3,499.0M",10.7469
7052,PADINI HOLDINGS BERHAD,Consumer Products & Services,2.7,2.55,4.11,"1,776.4M",1.19
4081,PAN MALAYSIA CORPORATION BERHAD,Consumer Products & Services,0.11,0.095,0.155,85.1M,0.4029
1287,PAN MALAYSIA HOLDINGS BERHAD,Consumer Products & Services,0.08,0.035,0.13,74.3M,0.0373
3719,PANASONIC MANUFACTURING MALAYSIA BERHAD,Consumer Products & Services,29.8,28.8,41.2,"1,810.2M",13.09
5022,PAOS HOLDINGS BERHAD,Consumer Products & Services,0.3,0.3,0.46,54.3M,0.52
9407,PARAGON UNION BERHAD,Consumer Products & Services,0.23,0.18,0.35,16.1M,0.66
5657,PARKSON HOLDINGS BERHAD,Consumer Products & Services,0.16,0.135,0.295,175.0M,1.74
6068,PCCS GROUP BERHAD,Consumer Products & Services,0.255,0.24,0.635,53.7M,0.6907
5231,PELIKAN INTERNATIONAL CORPORATION BERHAD,Consumer Products & Services,0.315,0.275,0.59,191.6M,0.73
9997,PENSONIC HOLDINGS BERHAD,Consumer Products & Services,0.3,0.28,0.44,38.9M,0.88
0186,PERAK TRANSIT BERHAD,Consumer Products & Services,0.16,0.14,0.27,227.6M,0.2324
7080,PERMAJU INDUSTRIES BERHAD,Consumer Products & Services,0.965,0.425,1.05,189.1M,0.7
5681,PETRONAS DAGANGAN BHD,Consumer Products & Services,19.0,18.06,26.6,"18,875.6M",6.02
7088,POH HUAT RESOURCES HOLDINGS BERHAD,Consumer Products & Services,1.05,0.98,1.64,256.5M,1.6303
5080,POH KONG HOLDINGS BERHAD,Consumer Products & Services,0.42,0.395,0.72,172.3M,1.36
7237,POWER ROOT BERHAD,Consumer Products & Services,1.89,1.26,2.45,773.6M,0.66
4065,PPB GROUP BERHAD,Consumer Products & Services,16.1,15.6,19.96,"22,903.8M",15.07
7168,PRG HOLDINGS BERHAD,Consumer Products & Services,0.55,0.53,1.3,228.3M,0.3961
8966,PROLEXUS BERHAD,Consumer Products & Services,0.5,0.41,1.1,90.5M,1.32
7134,PWF CORPORATION BERHAD,Consumer Products & Services,0.55,0.42,0.87,95.7M,1.78
7084,QL RESOURCES BERHAD,Consumer Products & Services,7.62,6.5,8.65,"12,363.0M",1.27
9946,REX INDUSTRY BERHAD,Consumer Products & Services,0.265,0.26,0.42,65.4M,0.42
0037,RGB INTERNATIONAL BHD,Consumer Products & Services,0.14,0.13,0.225,216.8M,0.17
5278,RHONE MA HOLDINGS BERHAD,Consumer Products & Services,0.65,0.61,0.845,118.7M,0.59
0183,SALUTICA BERHAD,Consumer Products & Services,0.4,0.285,1.03,155.2M,0.3877
7943,SAND NISKO CAPITAL BERHAD,Consumer Products & Services,0.28,0.2,0.36,18.5M,0.36
5157,SAUDEE GROUP BERHAD,Consumer Products & Services,0.22,0.205,0.4,30.2M,0.42
9792,SEG INTERNATIONAL BHD,Consumer Products & Services,0.62,0.595,0.645,784.0M,0.0755
7180,SERN KOU RESOURCES BERHAD,Consumer Products & Services,0.685,0.44,0.98,174.5M,0.42
5517,SHANGRI-LA HOTELS (MALAYSIA) BERHAD,Consumer Products & Services,4.79,4.62,5.9,"2,107.6M",2.3999
7412,SHH RESOURCES HOLDINGS BERHAD,Consumer Products & Services,0.4,0.4,0.55,20.0M,1.39
7246,SIGNATURE INTERNATIONAL BERHAD,Consumer Products & Services,0.275,0.275,0.565,66.1M,0.76
4197,SIME DARBY BERHAD,Consumer Products & Services,1.71,1.63,2.39,"11,630.5M",2.14
9776,SINMAH CAPITAL BERHAD,Consumer Products & Services,0.09,0.07,0.25,19.2M,0.4474
8532,SINOTOP HOLDINGS BERHAD,Consumer Products & Services,0.11,0.085,0.405,43.4M,0.28
5242,SOLID AUTOMOTIVE BERHAD,Consumer Products & Services,0.31,0.2,0.375,122.2M,0.36
7103,SPRITZER BHD,Consumer Products & Services,1.95,1.9,2.4,409.5M,1.9778
7186,SWS CAPITAL BERHAD,Consumer Products & Services,0.45,0.445,0.775,82.1M,0.4984
7082,SYF RESOURCES BERHAD,Consumer Products & Services,0.155,0.14,0.235,96.0M,0.4
7211,TAFI INDUSTRIES BERHAD,Consumer Products & Services,0.2,0.2,0.365,16.0M,0.53
4405,TAN CHONG MOTOR HOLDINGS BERHAD,Consumer Products & Services,1.1,1.0,1.65,739.2M,4.63
7439,TECK GUAN PERDANA BERHAD,Consumer Products & Services,1.06,0.92,1.55,42.5M,1.3729
7200,TEK SENG HOLDINGS BERHAD,Consumer Products & Services,0.185,0.165,0.34,66.7M,0.54
9369,TEO GUAN LEE CORPORATION BERHAD,Consumer Products & Services,0.99,0.96,1.48,40.3M,2.17
7252,TEO SENG CAPITAL BERHAD,Consumer Products & Services,0.85,0.85,1.43,255.0M,1.04
0012,THREE-A RESOURCES BERHAD,Consumer Products & Services,0.69,0.67,0.985,339.5M,0.7077
7230,TOMEI CONSOLIDATED BERHAD,Consumer Products & Services,0.345,0.32,0.6,47.8M,1.55
7176,TPC PLUS BERHAD,Consumer Products & Services,0.305,0.2,0.45,71.3M,0.37
4588,UMW HOLDINGS BERHAD,Consumer Products & Services,2.29,2.26,5.84,"2,675.4M",3.1607
7757,UPA CORPORATION BHD,Consumer Products & Services,2.13,2.1,2.3,169.5M,3.33
7240,VERTICE BERHAD,Consumer Products & Services,0.215,0.2,0.97,40.6M,0.62
7203,WANG-ZHENG BERHAD,Consumer Products & Services,0.94,0.835,1.17,150.4M,1.23
5016,WARISAN TC HOLDINGS BERHAD,Consumer Products & Services,1.6,1.6,2.27,107.5M,4.97
0197,WEGMANS HOLDINGS BERHAD,Consumer Products & Services,0.16,0.16,0.37,80.0M,0.16
7121,XIAN LENG HOLDINGS BERHAD,Consumer Products & Services,0.49,0.32,0.73,39.2M,0.62
5156,XIDELANG HOLDINGS LTD,Consumer Products & Services,0.125,0.07,0.175,225.6M,0.8
5584,YEE LEE CORPORATION BHD,Consumer Products & Services,1.96,1.86,2.35,375.5M,3.3778
5159,YOONG ONN CORPORATION BERHAD,Consumer Products & Services,0.69,0.67,1.23,110.4M,1.44
5131,ZHULIAN CORPORATION BERHAD,Consumer Products & Services,1.22,1.22,1.68,561.2M,1.3361
5115,ALAM MARITIM RESOURCES BERHAD,Energy,0.06,0.05,0.2,67.9M,0.37
7251,BARAKAH OFFSHORE PETROLEUM BERHAD,Energy,0.015,0.01,0.13,12.5M,-22.1
5210,BUMI ARMADA BERHAD,Energy,0.16,0.125,0.555,940.2M,0.55
5257,CARIMIN PETROLEUM BERHAD,Energy,0.505,0.445,1.47,118.1M,0.7425
5071,COASTAL CONTRACTS BHD,Energy,0.73,0.7,1.51,390.8M,2.2505
0091,DAYA MATERIALS BERHAD,Energy,0.005,0.005,0.02,10.2M,-0.0844
5141,DAYANG ENTERPRISE HOLDINGS BERHAD,Energy,1.16,0.86,3.01,"1,231.1M",1.36
5132,DELEUM BERHAD,Energy,0.505,0.48,1.16,202.8M,0.87
7277,DIALOG GROUP BERHAD,Energy,3.2,2.75,3.57,"18,053.3M",0.703
7253,HANDAL ENERGY BERHAD,Energy,0.245,0.22,0.51,53.6M,0.48
4324,HENGYUAN REFINING COMPANY BERHAD,Energy,2.97,2.72,6.4,891.0M,6.7045
5199,HIBISCUS PETROLEUM BERHAD,Energy,0.375,0.345,1.24,595.6M,0.81
5255,ICON OFFSHORE BERHAD,Energy,0.055,0.035,2.0,145.3M,0.0415
7164,KNM GROUP BERHAD,Energy,0.12,0.11,0.475,317.4M,0.67
5186,MALAYSIA MARINE AND HEAVY ENGINEERING HOLDINGS BERHAD,Energy,0.5,0.475,0.97,800.0M,1.4827
7108,PERDANA PETROLEUM BERHAD,Energy,0.145,0.1,0.555,269.7M,0.4
5133,PETRA ENERGY BERHAD,Energy,0.595,0.555,1.86,191.4M,1.19
3042,PETRON MALAYSIA REFINING & MARKETING BHD,Energy,3.49,3.13,6.91,942.3M,6.6147
5256,REACH ENERGY BERHAD,Energy,0.06,0.05,0.35,65.8M,0.63
5218,SAPURA ENERGY BERHAD,Energy,0.105,0.08,0.375,"1,677.8M",0.86
7045,SCOMI ENERGY SERVICES BHD,Energy,0.07,0.04,0.25,32.8M,0.17
7158,SCOMI GROUP BERHAD,Energy,0.015,0.01,0.145,16.4M,-0.02
5279,SERBA DINAMIK HOLDINGS BERHAD,Energy,1.72,1.59,4.56,"5,304.2M",0.79
2739,SINO HUA-AN INTERNATIONAL BERHAD,Energy,0.055,0.05,0.29,61.7M,0.16
1201,SUMATEC RESOURCES BERHAD,Energy,0.005,0.005,0.045,21.3M,0.12
7228,T7 GLOBAL BERHAD,Energy,0.33,0.285,0.565,175.5M,0.4
7206,TH HEAVY ENGINEERING BERHAD,Energy,0.065,0.045,0.145,72.9M,0.06
7250,UZMA BERHAD,Energy,0.465,0.41,1.17,148.8M,1.57
5243,VELESTO ENERGY BERHAD,Energy,0.16,0.145,0.41,"1,314.5M",0.3411
5142,WAH SEONG CORPORATION BERHAD,Energy,0.685,0.585,1.46,530.8M,1.27
7293,YINSON HOLDINGS BERHAD,Energy,5.7,4.5,7.42,"6,243.0M",1.58
5139,AEON CREDIT SERVICE (M) BERHAD,Financial Services,12.36,12.32,17.36,"3,134.8M",6.04
5185,AFFIN BANK BERHAD,Financial Services,1.55,1.5,2.29,"3,078.3M",4.7
2488,ALLIANCE BANK MALAYSIA BERHAD,Financial Services,1.87,1.84,4.22,"2,895.0M",3.82
1163,ALLIANZ MALAYSIA BERHAD,Financial Services,13.6,13.0,17.02,"2,405.7M",20.77
1015,AMMB HOLDINGS BERHAD,Financial Services,3.16,3.16,4.64,"9,524.8M",6.08
5088,APEX EQUITY HOLDINGS BERHAD,Financial Services,0.69,0.69,1.08,147.4M,1.49
5258,BIMB HOLDINGS BERHAD,Financial Services,3.44,3.44,4.75,"6,166.8M",3.34
1818,BURSA MALAYSIA BERHAD,Financial Services,5.14,5.1,7.13,"4,155.7M",0.94
1023,CIMB GROUP HOLDINGS BERHAD,Financial Services,4.01,3.95,5.52,"39,791.1M",5.6674
2143,ECM LIBRA FINANCIAL GROUP BERHAD,Financial Services,0.27,0.18,0.32,129.6M,0.42
5228,ELK-DESA RESOURCES BERHAD,Financial Services,1.4,1.33,1.77,416.0M,1.41
5819,HONG LEONG BANK BERHAD,Financial Services,13.3,13.0,21.28,"28,830.7M",12.73
5274,HONG LEONG CAPITAL BERHAD,Financial Services,9.38,9.38,9.6,"2,518.3M",3.27
1082,HONG LEONG FINANCIAL GROUP BERHAD,Financial Services,13.5,13.5,19.56,"15,491.5M",17.43
3379,INSAS BERHAD,Financial Services,0.6,0.58,0.92,416.0M,2.68
3441,JOHAN HOLDINGS BERHAD,Financial Services,0.055,0.055,0.115,34.3M,0.1064
6483,KENANGA INVESTMENT BANK BERHAD,Financial Services,0.4,0.39,0.62,289.1M,1.29
2186,KUCHAI DEVELOPMENT BERHAD,Financial Services,1.3,1.29,2.15,160.9M,3.6628
8621,LPI CAPITAL BHD,Financial Services,14.04,13.54,16.28,"5,593.3M",4.9234
1198,MAA GROUP BERHAD,Financial Services,0.695,0.68,1.07,189.9M,1.79
1155,MALAYAN BANKING BERHAD,Financial Services,7.88,7.85,9.55,"88,581.9M",7.2563
1171,MALAYSIA BUILDING SOCIETY BERHAD,Financial Services,0.65,0.64,1.01,"4,363.7M",1.3144
1058,MANULIFE HOLDINGS BERHAD,Financial Services,2.15,2.0,2.85,435.1M,4.14
6459,MNRB HOLDINGS BERHAD,Financial Services,0.74,0.715,1.19,579.5M,3.02
5237,MPHB Capital Berhad,Financial Services,0.79,0.77,1.19,564.9M,1.9
6009,PACIFIC & ORIENT BERHAD,Financial Services,0.93,0.81,1.02,267.0M,1.06
1295,PUBLIC BANK BERHAD,Financial Services,15.3,15.3,24.58,"59,396.7M",11.2295
9296,RCE CAPITAL BERHAD,Financial Services,1.5,1.44,1.84,559.4M,1.84
1066,RHB BANK BERHAD,Financial Services,5.19,4.95,6.07,"20,812.1M",6.43
6139,SYARIKAT TAKAFUL MALAYSIA KELUARGA BERHAD,Financial Services,3.9,3.88,7.18,"3,224.5M",1.48
4898,TA ENTERPRISE BERHAD,Financial Services,0.5,0.49,0.69,856.0M,1.48
5230,TUNE PROTECT GROUP BERHAD,Financial Services,0.3,0.295,0.765,225.5M,0.74
7191,ADVENTA BERHAD,Health Care,0.52,0.35,0.97,79.4M,0.23
7090,APEX HEALTHCARE BERHAD,Health Care,2.2,1.97,9.44,"1,039.2M",0.9
7148,DUOPHARMA BIOTECH BERHAD,Health Care,1.36,1.08,1.78,930.8M,0.77
5168,HARTALEGA HOLDINGS BERHAD,Health Care,6.06,4.52,6.69,"20,493.2M",0.73
5225,IHH HEALTHCARE BERHAD,Health Care,5.38,5.13,5.95,"47,204.1M",2.55
7153,KOSSAN RUBBER INDUSTRIES BERHAD,Health Care,5.08,3.44,5.43,"6,497.0M",1.11
0002,KOTRA INDUSTRIES BERHAD,Health Care,1.98,1.63,2.33,287.5M,1.25
5878,KPJ HEALTHCARE BERHAD,Health Care,0.91,0.87,1.05,"4,042.1M",0.43
7081,PHARMANIAGA BERHAD,Health Care,1.48,1.48,2.88,386.6M,1.29
7106,SUPERMAX CORPORATION BERHAD,Health Care,1.71,1.29,1.93,"2,326.1M",0.86
0101,TMC LIFE SCIENCES BERHAD,Health Care,0.43,0.395,0.82,749.0M,0.44
7113,TOP GLOVE CORPORATION BHD,Health Care,6.24,4.21,6.69,"15,989.3M",1.01
7178,Y.S.P.SOUTHEAST ASIA HOLDING BERHAD,Health Care,1.65,1.64,2.9,230.5M,2.35
7214,A-RANK BERHAD,Industrial Products & Services,0.395,0.37,0.565,67.2M,0.81
7086,ABLEGROUP BERHAD,Industrial Products & Services,0.05,0.045,0.095,13.2M,0.17
5198,ABM FUJIYA BERHAD,Industrial Products & Services,0.49,0.37,0.71,88.2M,0.89
9148,ADVANCED PACKAGING TECHNOLOGY (M) BHD,Industrial Products & Services,2.1,1.74,2.4,43.1M,1.53
7146,AE MULTI HOLDINGS BERHAD,Industrial Products & Services,0.09,0.08,0.13,29.6M,0.2
7609,AJIYA BERHAD,Industrial Products & Services,0.28,0.27,0.575,85.3M,1.18
2674,ALCOM GROUP BERHAD,Industrial Products & Services,0.32,0.28,0.575,43.0M,0.91
2682,AMALGAMATED INDUSTRIAL STEEL BERHAD,Industrial Products & Services,0.2,0.2,0.33,28.9M,0.9812
7083,ANALABS RESOURCES BERHAD,Industrial Products & Services,1.0,0.92,1.18,120.0M,2.49
4758,ANCOM BERHAD,Industrial Products & Services,0.535,0.435,0.77,128.9M,1.38
6556,ANN JOO RESOURCES BERHAD,Industrial Products & Services,0.745,0.7,1.88,417.1M,2.23
9342,ANZO HOLDINGS BERHAD,Industrial Products & Services,0.015,0.01,0.05,13.2M,0.1616
5568,APB RESOURCES BERHAD,Industrial Products & Services,0.45,0.355,0.73,50.8M,1.39
5015,APM AUTOMOTIVE HOLDINGS BERHAD,Industrial Products & Services,1.8,1.67,3.1,362.9M,6.51
7181,ARB BERHAD,Industrial Products & Services,0.155,0.145,0.605,45.5M,0.38
7162,ASTINO BERHAD,Industrial Products & Services,0.58,0.55,0.76,159.0M,1.42
8176,ATA IMS BERHAD,Industrial Products & Services,1.14,1.07,1.85,"1,373.0M",0.55
7099,ATTA GLOBAL GROUP BERHAD,Industrial Products & Services,0.445,0.375,0.64,94.9M,1.64
7579,AWC BERHAD,Industrial Products & Services,0.325,0.29,0.795,97.1M,0.688
5021,AYS VENTURES BERHAD,Industrial Products & Services,0.23,0.17,0.36,87.5M,0.69
7005,B.I.G. INDUSTRIES BERHAD,Industrial Products & Services,0.27,0.26,0.485,14.3M,0.56
3395,BERJAYA CORPORATION BERHAD,Industrial Products & Services,0.22,0.2,0.28,"1,147.3M",1.2031
6998,BINTAI KINDEN CORPORATION BERHAD,Industrial Products & Services,0.095,0.075,0.15,27.5M,0.29
0168,BOILERMECH HOLDINGS BERHAD,Industrial Products & Services,0.42,0.42,0.79,216.7M,0.41
7036,BORNEO OIL BERHAD,Industrial Products & Services,0.015,0.015,0.05,80.1M,0.13
2771,BOUSTEAD HOLDINGS BERHAD,Industrial Products & Services,0.545,0.53,1.4,"1,104.7M",1.85
6297,BOX-PAK (MALAYSIA) BERHAD,Industrial Products & Services,1.04,1.03,1.24,124.8M,1.97
5100,BP PLASTICS HOLDING BHD,Industrial Products & Services,0.93,0.92,1.13,174.5M,1.02
9938,BRIGHT PACKAGING INDUSTRY BERHAD,Industrial Products & Services,0.16,0.14,0.56,32.9M,0.57
7221,BSL CORPORATION BERHAD,Industrial Products & Services,0.19,0.185,0.43,18.6M,1.12
7188,BTM RESOURCES BERHAD,Industrial Products & Services,0.09,0.085,0.23,12.7M,0.16
2852,CAHYA MATA SARAWAK BERHAD,Industrial Products & Services,1.68,1.61,3.92,"1,805.0M",2.46
5105,CAN-ONE BERHAD,Industrial Products & Services,2.5,2.4,3.99,480.4M,9.019
7076,CB INDUSTRIAL PRODUCT HOLDING BERHAD,Industrial Products & Services,0.82,0.75,1.25,441.4M,1.44
8052,CENTRAL GLOBAL BERHAD,Industrial Products & Services,0.41,0.33,0.6,36.9M,0.53
2879,CHEMICAL COMPANY OF MALAYSIA BERHAD,Industrial Products & Services,0.93,0.92,2.19,156.0M,1.93
5273,CHIN HIN GROUP BERHAD,Industrial Products & Services,0.51,0.5,0.92,283.8M,0.77
5007,CHIN WELL HOLDINGS BERHAD,Industrial Products & Services,1.02,1.0,1.93,305.5M,1.96
5229,CHINA AUTOMOBILE PARTS HOLDINGS LIMITED,Industrial Products & Services,0.01,0.01,0.01,13.6M,0.35
5797,CHOO BEE METAL INDUSTRIES BHD,Industrial Products & Services,0.935,0.9,1.71,123.1M,3.83
7016,CHUAN HUAT RESOURCES BHD,Industrial Products & Services,0.295,0.23,0.5,49.8M,1.81
7018,CME GROUP BERHAD,Industrial Products & Services,0.025,0.025,0.045,14.6M,0.0654
7986,CN ASIA CORPORATION BHD,Industrial Products & Services,0.41,0.35,0.5,20.5M,0.89
2127,COMFORT GLOVES BERHAD,Industrial Products & Services,0.85,0.75,1.02,495.5M,0.52
7195,COMINTEL CORPORATION BHD,Industrial Products & Services,0.125,0.045,0.31,17.5M,0.1964
5037,COMPUGATES HOLDINGS BERHAD,Industrial Products & Services,0.02,0.015,0.03,50.2M,0.04
8044,COMPUTER FORMS (MALAYSIA) BERHAD,Industrial Products & Services,1.1,1.1,1.26,45.1M,1.1
8435,CONCRETE ENGINEERING PRODUCTS BERHAD,Industrial Products & Services,0.85,0.4,0.885,63.4M,1.27
5094,CSC STEEL HOLDINGS BERHAD,Industrial Products & Services,0.835,0.8,1.19,317.3M,2.23
7157,CYL CORPORATION BERHAD,Industrial Products & Services,0.35,0.295,0.48,35.0M,0.6329
5082,CYMAO HOLDINGS BERHAD,Industrial Products & Services,0.23,0.23,0.36,17.3M,0.73
5184,CYPARK RESOURCES BERHAD,Industrial Products & Services,0.88,0.805,1.75,411.3M,1.62
7114,D'NONCE TECHNOLOGY BHD,Industrial Products & Services,0.23,0.185,0.66,60.3M,0.47
8125,DAIBOCHI BERHAD,Industrial Products & Services,1.99,1.58,2.6,652.5M,0.71
5276,DANCOMECH HOLDINGS BERHAD,Industrial Products & Services,0.36,0.34,0.68,109.4M,0.42
7212,DESTINI BERHAD,Industrial Products & Services,0.12,0.12,0.355,147.6M,0.2398
5835,DOLOMITE CORPORATION BERHAD,Industrial Products & Services,0.075,0.075,0.28,23.5M,0.04
5265,DOLPHIN INTERNATIONAL BERHAD,Industrial Products & Services,0.045,0.04,0.18,11.0M,9.8
7169,DOMINANT ENTERPRISE BERHAD,Industrial Products & Services,1.17,1.07,1.3,193.3M,1.69
7233,DUFU TECHNOLOGY CORP. BERHAD,Industrial Products & Services,3.54,1.39,5.0,931.7M,0.84
7165,DWL RESOURCES BERHAD,Industrial Products & Services,0.185,0.16,2.0,43.1M,0.4743
5178,DYNACIATE GROUP BERHAD,Industrial Products & Services,0.04,0.035,0.1,21.5M,0.1019
0064,EFFICIENT E-SOLUTIONS BERHAD,Industrial Products & Services,0.06,0.06,0.26,42.5M,0.17
8907,EG INDUSTRIES BERHAD,Industrial Products & Services,0.265,0.255,0.505,72.9M,1.33
5208,EITA RESOURCES BERHAD,Industrial Products & Services,1.23,1.19,1.6,159.9M,1.38
9016,EKSONS CORPORATION BERHAD,Industrial Products & Services,0.595,0.56,0.82,97.7M,2.68
5056,ENGTEX GROUP BERHAD,Industrial Products & Services,0.675,0.56,0.91,299.2M,1.58
7217,EONMETALL GROUP BERHAD,Industrial Products & Services,0.24,0.23,0.53,45.2M,1.31
7773,EP MANUFACTURING BHD,Industrial Products & Services,0.32,0.31,0.405,53.1M,1.66
5101,EVERGREEN FIBREBOARD BERHAD,Industrial Products & Services,0.145,0.13,0.405,122.7M,1.38
2984,FACB INDUSTRIES INCORPORATED BERHAD,Industrial Products & Services,1.29,1.13,1.44,109.9M,2.69
7229,FAVELLE FAVCO BERHAD,Industrial Products & Services,2.35,2.11,3.02,526.3M,3.19
0149,FIBON BERHAD,Industrial Products & Services,0.255,0.245,0.44,25.0M,0.51
3107,FIMA CORPORATION BERHAD,Industrial Products & Services,1.32,1.32,1.96,323.7M,2.32
9318,FITTERS DIVERSIFIED BERHAD,Industrial Products & Services,0.255,0.205,0.525,122.5M,0.8246
5197,FOCUS LUMBER BERHAD,Industrial Products & Services,0.815,0.8,1.69,87.1M,1.61
5277,FOUNDPAC GROUP BERHAD,Industrial Products & Services,0.61,0.285,1.01,330.7M,0.1731
7197,GE-SHEN CORPORATION BERHAD,Industrial Products & Services,0.355,0.31,0.685,28.4M,1.24
5220,GLOBALTEC FORMATION BERHAD,Industrial Products & Services,0.35,0.3,0.515,94.2M,0.88
5649,GOLDEN PHAROS BERHAD,Industrial Products & Services,0.18,0.165,0.305,24.6M,0.47
7192,GOODWAY INTEGRATED INDUSTRIES BERHAD,Industrial Products & Services,0.15,0.145,0.24,23.7M,0.11
7096,GPA HOLDINGS BERHAD,Industrial Products & Services,0.08,0.075,0.145,78.4M,0.11
3247,GUH HOLDINGS BERHAD,Industrial Products & Services,0.34,0.34,0.525,94.5M,1.83
3034,HAP SENG CONSOLIDATED BERHAD,Industrial Products & Services,7.7,7.36,10.26,"19,170.5M",2.95
5095,HEVEABOARD BERHAD,Industrial Products & Services,0.33,0.31,0.73,187.4M,0.77
5151,HEXTAR GLOBAL BERHAD,Industrial Products & Services,0.58,0.52,1.0,476.0M,0.23
3298,HEXZA CORPORATION BERHAD,Industrial Products & Services,0.78,0.66,0.845,156.3M,1.08
5072,HIAP TECK VENTURE BERHAD,Industrial Products & Services,0.135,0.13,0.33,181.5M,0.64
8443,HIL INDUSTRIES BERHAD,Industrial Products & Services,0.54,0.48,0.635,180.4M,1.05
9601,HO WAH GENTING BERHAD,Industrial Products & Services,0.095,0.07,0.14,43.7M,0.07
5165,HOCK HENG STONE INDUSTRIES BHD,Industrial Products & Services,0.4,0.34,0.81,35.2M,0.6338
5291,HPMT HOLDINGS BERHAD,Industrial Products & Services,0.34,0.31,0.58,111.7M,0.36
0185,HSS ENGINEERS BERHAD,Industrial Products & Services,0.435,0.43,1.29,215.7M,0.43
5000,HUME INDUSTRIES BERHAD,Industrial Products & Services,1.2,0.66,1.86,595.8M,0.83
7222,IMASPRO CORPORATION BERHAD,Industrial Products & Services,2.28,1.85,2.33,182.4M,1.62
5673,IPMUDA BERHAD,Industrial Products & Services,0.28,0.28,0.53,20.3M,0.72
7183,IRE-TEX CORPORATION BERHAD,Industrial Products & Services,0.07,0.04,0.16,12.9M,0.27
7043,JADE MARVEL GROUP BERHAD,Industrial Products & Services,0.92,0.92,1.25,116.6M,0.72
8648,JASA KITA BERHAD,Industrial Products & Services,0.09,0.09,0.125,40.5M,0.15
0058,JCBNEXT BERHAD,Industrial Products & Services,1.27,1.25,1.56,175.0M,2.4
5192,K.SENG SENG CORPORATION BERHAD,Industrial Products & Services,0.33,0.315,0.59,31.7M,0.81
0054,KARYON INDUSTRIES BERHAD,Industrial Products & Services,0.13,0.115,0.2,61.8M,0.22
3476,KECK SENG (MALAYSIA) BERHAD,Industrial Products & Services,4.01,3.95,4.9,"1,449.5M",6.25
7199,KEIN HING INTERNATIONAL BERHAD,Industrial Products & Services,0.355,0.355,0.625,38.7M,1.04
0151,KELINGTON GROUP BERHAD,Industrial Products & Services,0.965,0.865,1.43,300.6M,0.4988
6211,KIA LIM BERHAD,Industrial Products & Services,0.21,0.13,0.3,13.0M,0.9179999999999999
5371,KIM HIN INDUSTRY BERHAD,Industrial Products & Services,0.85,0.765,1.25,132.3M,2.89
5060,KINSTEEL BHD,Industrial Products & Services,0.005,0.005,0.005,5.2M,-0.72
9466,KKB ENGINEERING BERHAD,Industrial Products & Services,1.68,1.2,2.37,433.1M,1.31
5035,KNUSFORD BERHAD,Industrial Products & Services,0.49,0.43,0.85,48.8M,2.2728
6971,KOBAY TECHNOLOGY BERHAD,Industrial Products & Services,1.56,1.35,2.04,159.3M,1.85
7017,KOMARKCORP BERHAD,Industrial Products & Services,0.205,0.18,0.39,42.1M,0.3
9121,KPS CONSORTIUM BERHAD,Industrial Products & Services,0.455,0.4,0.54,67.3M,1.83
6874,KUB MALAYSIA BERHAD,Industrial Products & Services,0.25,0.22,0.45,139.1M,0.6
6491,KUMPULAN FIMA BERHAD,Industrial Products & Services,1.31,1.28,1.8,369.7M,2.86
7033,KUMPULAN H & L HIGH-TECH BERHAD,Industrial Products & Services,1.03,0.95,1.32,41.8M,2.5789999999999997
9083,KUMPULAN JETSON BERHAD,Industrial Products & Services,0.115,0.1,0.195,24.3M,0.3785
5843,KUMPULAN PERANGSANG SELANGOR BERHAD,Industrial Products & Services,0.41,0.395,1.69,220.3M,1.78
8362,KYM HOLDINGS BERHAD,Industrial Products & Services,0.26,0.2,0.4,39.0M,0.6
9326,LB ALUMINIUM BERHAD,Industrial Products & Services,0.405,0.38,0.615,100.6M,1.2
9881,LEADER STEEL HOLDINGS BERHAD,Industrial Products & Services,0.255,0.22,0.36,32.6M,1.19
5232,LEON FUAT BERHAD,Industrial Products & Services,0.3,0.28,0.57,93.0M,1.13
8745,LEWEKO RESOURCES BERHAD,Industrial Products & Services,0.145,0.13,0.26,46.7M,0.2
7170,LFE CORPORATION BERHAD,Industrial Products & Services,0.13,0.095,0.3,26.6M,0.17
8486,LION FOREST INDUSTRIES BERHAD,Industrial Products & Services,0.285,0.285,0.48,66.0M,2.42
4235,LION INDUSTRIES CORPORATION BERHAD,Industrial Products & Services,0.245,0.215,0.665,175.9M,2.12
5284,LOTTE CHEMICAL TITAN HOLDING BERHAD,Industrial Products & Services,1.38,1.3,4.38,"3,184.8M",5.26
5068,LUSTER INDUSTRIES BHD.,Industrial Products & Services,0.07,0.065,0.105,145.3M,0.09
5143,LUXCHEM CORPORATION BERHAD,Industrial Products & Services,0.45,0.435,0.6,403.1M,0.34
9199,LYSAGHT GALVANIZED STEEL BERHAD,Industrial Products & Services,2.4,2.11,2.7,99.8M,3.71
3794,MALAYAN CEMENT BERHAD,Industrial Products & Services,2.64,2.14,4.57,"2,243.2M",2.8
5916,MALAYSIA SMELTING CORPORATION BERHAD,Industrial Products & Services,0.68,0.605,1.02,272.0M,0.93
5098,MALAYSIA STEEL WORKS (KL) BHD,Industrial Products & Services,0.285,0.26,0.59,129.0M,1.71
7029,MASTER-PACK GROUP BERHAD,Industrial Products & Services,0.99,0.695,3.2,54.1M,1.94
7004,MCE HOLDINGS BERHAD,Industrial Products & Services,0.425,0.31,0.75,18.9M,1.8019999999999998
3778,MELEWAR INDUSTRIAL GROUP BERHAD,Industrial Products & Services,0.13,0.11,0.385,46.7M,0.9
5223,MENTIGA CORPORATION BERHAD,Industrial Products & Services,0.4,0.4,0.68,28.0M,2.6
6149,METROD HOLDINGS BERHAD,Industrial Products & Services,1.4,1.35,1.8,168.0M,3.4695
0043,METRONIC GLOBAL BERHAD,Industrial Products & Services,0.025,0.02,0.105,31.1M,0.09
5001,MIECO CHIPBOARD BERHAD,Industrial Products & Services,0.22,0.2,0.36,115.5M,0.65
7219,MINETECH RESOURCES BERHAD,Industrial Products & Services,0.105,0.05,0.13,96.8M,0.08
5576,MINHO (M) BERHAD,Industrial Products & Services,0.23,0.22,0.4,78.3M,1.09
5152,MUAR BAN LEE GROUP BERHAD,Industrial Products & Services,1.23,1.06,1.49,132.1M,1.38
3883,MUDA HOLDINGS BERHAD,Industrial Products & Services,1.2,1.15,1.93,366.1M,3.47
5087,MYCRON STEEL BERHAD,Industrial Products & Services,0.245,0.18,0.505,80.1M,1.2
7241,NEXTGREEN GLOBAL BERHAD,Industrial Products & Services,0.32,0.305,0.51,164.5M,0.23
5025,NWP HOLDINGS BERHAD,Industrial Products & Services,0.15,0.065,0.23,64.7M,0.0806
4944,NYLEX (MALAYSIA) BERHAD,Industrial Products & Services,0.495,0.44,0.72,96.2M,1.87
7140,OKA CORPORATION BHD,Industrial Products & Services,0.58,0.55,0.825,142.3M,0.73
5065,ORNAPAPER BERHAD,Industrial Products & Services,0.96,0.875,1.42,72.2M,2.36
7225,P.A. RESOURCES BERHAD,Industrial Products & Services,0.05,0.045,0.075,112.2M,0.0652
7095,P.I.E. INDUSTRIAL BERHAD,Industrial Products & Services,1.06,0.99,1.65,407.1M,1.17
8419,PANSAR BERHAD,Industrial Products & Services,0.61,0.43,0.815,281.8M,0.39
5125,PANTECH GROUP HOLDINGS BERHAD,Industrial Products & Services,0.385,0.36,0.595,289.1M,0.81
3611,PARAGON GLOBE BERHAD,Industrial Products & Services,0.99,0.85,1.1,184.8M,1.3
5271,PECCA GROUP BERHAD,Industrial Products & Services,0.8,0.78,1.3,150.4M,0.9129999999999999
5436,PERUSAHAAN SADUR TIMAH MALAYSIA (PERSTIMA) BHD,Industrial Products & Services,3.54,3.53,5.0,351.5M,3.96
5219,PESTECH INTERNATIONAL BERHAD,Industrial Products & Services,0.89,0.84,1.53,680.2M,0.7684
5183,PETRONAS CHEMICALS GROUP BERHAD,Industrial Products & Services,4.38,4.16,9.39,"35,040.0M",3.74
7163,PJBUMI BERHAD,Industrial Products & Services,0.17,0.13,0.32,13.9M,0.27
7172,PMB TECHNOLOGY BERHAD,Industrial Products & Services,2.85,2.6,3.74,597.9M,2.61
6637,PNE PCB BERHAD,Industrial Products & Services,0.46,0.36,0.57,60.5M,0.44
8117,POLY GLASS FIBRE (M) BERHAD,Industrial Products & Services,0.21,0.21,0.475,33.6M,1.0541
8869,PRESS METAL ALUMINIUM HOLDINGS BERHAD,Industrial Products & Services,3.79,3.6,5.24,"15,304.4M",0.88
9873,PRESTAR RESOURCES BERHAD,Industrial Products & Services,0.325,0.27,0.745,66.6M,1.46
7123,PRICEWORTH INTERNATIONAL BERHAD,Industrial Products & Services,0.015,0.01,0.08,61.4M,0.07
7201,PROGRESSIVE IMPACT CORPORATION BERHAD,Industrial Products & Services,0.085,0.08,0.16,55.9M,0.12
8273,PUBLIC PACKAGES HOLDINGS BHD,Industrial Products & Services,0.525,0.47,1.4,99.0M,1.31
7544,QUALITY CONCRETE HOLDINGS BERHAD,Industrial Products & Services,0.9,0.72,1.43,52.2M,1.75
7498,RALCO CORPORATION BERHAD,Industrial Products & Services,0.215,0.18,0.32,9.9M,0.88
7232,RESINTECH BERHAD,Industrial Products & Services,0.235,0.235,0.35,32.2M,1.0307
9954,RGT BERHAD,Industrial Products & Services,0.12,0.105,0.2,69.2M,0.1114
9741,ROHAS TECNIC BERHAD,Industrial Products & Services,0.325,0.31,0.79,153.6M,0.69
7803,RUBBEREX CORPORATION (M) BERHAD,Industrial Products & Services,0.815,0.42,0.895,205.5M,0.81
9822,SAM ENGINEERING & EQUIPMENT (M) BERHAD,Industrial Products & Services,6.55,6.3,8.68,885.3M,4.21
5147,SAMCHEM HOLDINGS BERHAD,Industrial Products & Services,0.455,0.45,0.765,123.8M,0.57
7811,SAPURA INDUSTRIAL BERHAD,Industrial Products & Services,0.56,0.53,0.815,40.8M,1.44
5170,SARAWAK CABLE BERHAD,Industrial Products & Services,0.165,0.15,0.455,52.3M,0.5
9237,SARAWAK CONSOLIDATED INDUSTRIES BERHAD,Industrial Products & Services,2.25,0.53,3.49,193.2M,0.6
7239,SCANWOLF CORPORATION BERHAD,Industrial Products & Services,0.105,0.09,0.36,10.1M,0.42
7247,SCGM BHD,Industrial Products & Services,1.26,0.76,1.68,243.9M,0.8412
0099,SCICOM (MSC) BERHAD,Industrial Products & Services,0.75,0.6,1.3,266.6M,0.29
4731,SCIENTEX BERHAD,Industrial Products & Services,8.49,8.11,9.87,"4,379.8M",4.57
7073,SEACERA GROUP BERHAD,Industrial Products & Services,0.18,0.165,0.565,86.7M,1.12
5163,SEREMBAN ENGINEERING BERHAD,Industrial Products & Services,0.57,0.32,0.75,45.6M,0.25
5181,SIG GASES BERHAD,Industrial Products & Services,0.41,0.4,0.995,76.9M,0.55
7115,SKB SHUTTERS CORPORATION BERHAD,Industrial Products & Services,0.475,0.45,0.68,19.0M,2.11
7155,SKP RESOURCES BHD,Industrial Products & Services,1.09,0.975,1.59,"1,362.7M",0.49
7248,SLP RESOURCES BERHAD,Industrial Products & Services,0.95,0.86,1.42,301.1M,0.581
7132,SMIS CORPORATION BERHAD,Industrial Products & Services,0.31,0.27,0.49,13.9M,1.37
5134,SOUTHERN ACIDS (M) BERHAD,Industrial Products & Services,3.42,3.3,3.98,468.3M,4.49
5665,SOUTHERN STEEL BERHAD,Industrial Products & Services,0.58,0.565,1.22,345.9M,1.07
6904,SUBUR TIASA HOLDINGS BERHAD,Industrial Products & Services,0.44,0.38,0.905,92.0M,2.97
7207,SUCCESS TRANSFORMER CORPORATION BERHAD,Industrial Products & Services,0.58,0.55,1.12,144.8M,1.36
5211,SUNWAY BERHAD,Industrial Products & Services,1.45,1.4,1.87,"7,154.2M",1.7
7235,SUPERLON HOLDINGS BERHAD,Industrial Products & Services,0.6,0.59,1.35,96.0M,0.8071
7097,TA WIN HOLDINGS BERHAD,Industrial Products & Services,0.045,0.04,0.6,16.1M,0.34
4448,TASEK CORPORATION BERHAD,Industrial Products & Services,5.1,4.7,6.8,630.5M,4.2335
5289,TECHBOND GROUP BERHAD,Industrial Products & Services,0.65,0.55,0.96,149.5M,0.57
8702,TEXCHEM RESOURCES BERHAD,Industrial Products & Services,0.33,0.28,0.73,41.0M,1.9506
7034,THONG GUAN INDUSTRIES BERHAD,Industrial Products & Services,3.25,2.34,4.32,603.5M,3.13
7374,TIEN WAH PRESS HOLDINGS BERHAD,Industrial Products & Services,0.94,0.94,1.48,136.1M,2.08
7854,TIMBERWELL BERHAD,Industrial Products & Services,0.52,0.46,0.68,46.3M,0.5892
7285,TOMYPAK HOLDINGS BERHAD,Industrial Products & Services,0.415,0.39,0.575,174.4M,0.43
5010,TONG HERR RESOURCES BERHAD,Industrial Products & Services,1.7,1.65,3.65,267.6M,3.06
7173,TOYO INK GROUP BERHAD,Industrial Products & Services,0.585,0.58,0.89,62.6M,1.17
5167,TURBO-MECH BERHAD,Industrial Products & Services,0.61,0.53,0.825,65.9M,1.0
7100,UCHI TECHNOLOGIES BERHAD,Industrial Products & Services,2.32,2.25,2.95,"1,046.7M",0.36
1368,UEM EDGENTA BERHAD,Industrial Products & Services,2.23,2.01,3.52,"1,854.5M",1.89
7137,UMS HOLDINGS BERHAD,Industrial Products & Services,1.68,1.65,2.38,68.4M,4.02
7227,UMS-NEIKEN GROUP BERHAD,Industrial Products & Services,0.85,0.715,1.0,68.0M,1.27
7091,UNIMECH GROUP BERHAD,Industrial Products & Services,1.18,1.01,1.45,187.3M,1.785
7133,UNITED U-LI CORPORATION BERHAD,Industrial Products & Services,0.34,0.32,0.8,74.1M,1.3126
6963,V.S. INDUSTRY BERHAD,Industrial Products & Services,0.945,0.935,1.52,"1,761.4M",0.9
4995,VERSATILE CREATIVE BERHAD,Industrial Products & Services,0.215,0.2,0.41,30.5M,0.3
7226,WATTA HOLDING BERHAD,Industrial Products & Services,0.5,0.365,0.945,42.2M,0.68
7231,WELLCALL HOLDINGS BERHAD,Industrial Products & Services,0.945,0.895,1.32,470.6M,0.23800000000000002
5009,WHITE HORSE BERHAD,Industrial Products & Services,0.825,0.825,1.22,198.0M,2.82
7692,WIDETECH (MALAYSIA) BERHAD,Industrial Products & Services,0.57,0.43,0.7,25.5M,0.85
7050,WONG ENGINEERING CORPORATION BERHAD,Industrial Products & Services,0.43,0.37,0.65,49.3M,0.61
7025,WOODLANDOR HOLDINGS BHD,Industrial Products & Services,0.49,0.49,0.83,19.6M,1.04
4243,WTK HOLDINGS BERHAD,Industrial Products & Services,0.335,0.295,0.715,161.3M,2.06
7245,WZ SATU BERHAD,Industrial Products & Services,0.12,0.11,0.335,61.4M,0.27
5048,YI-LAI BERHAD,Industrial Products & Services,0.48,0.475,0.65,69.9M,1.35
7020,YKGI HOLDINGS BERHAD,Industrial Products & Services,0.09,0.075,0.17,31.6M,0.1
7014,YLI HOLDINGS BERHAD,Industrial Products & Services,0.2,0.16,0.315,20.6M,1.2
7054,ASTRAL ASIA BERHAD,Plantation,0.075,0.065,0.235,49.5M,0.2834
1899,BATU KAWAN BERHAD,Plantation,14.4,14.0,17.68,"6,388.8M",14.32
5069,BLD PLANTATION BHD.,Plantation,5.5,5.1,7.0,514.3M,5.99
5254,BOUSTEAD PLANTATIONS BERHAD,Plantation,0.4,0.375,0.835,896.0M,1.14
8982,CEPATWAWASAN GROUP BERHAD,Plantation,0.44,0.41,0.74,140.1M,1.11
1929,CHIN TECK PLANTATIONS BERHAD,Plantation,5.85,5.85,7.15,534.5M,7.47
3948,DUTALAND BERHAD,Plantation,0.365,0.335,0.55,308.8M,1.5
5029,FAR EAST HOLDINGS BERHAD,Plantation,2.5,2.44,2.86,"1,484.6M",1.95
5222,FGV HOLDINGS BERHAD,Plantation,0.895,0.845,1.59,"3,265.1M",1.15
2291,GENTING PLANTATIONS BERHAD,Plantation,9.15,8.8,11.14,"8,210.8M",5.43
7382,GOLDEN LAND BERHAD,Plantation,0.39,0.35,0.52,86.9M,1.96
2135,GOPENG BERHAD,Plantation,0.695,0.53,0.74,187.0M,1.07
5138,HAP SENG PLANTATIONS HOLDINGS BERHAD,Plantation,1.45,1.4,2.14,"1,160.0M",2.07
7501,HARN LEN CORPORATION BHD,Plantation,0.46,0.38,0.8,85.3M,1.46
2216,IJM PLANTATIONS BERHAD,Plantation,1.39,1.35,2.48,"1,224.0M",1.53
2607,INCH KENNETH KAJANG RUBBER PUBLIC LTD CO,Plantation,0.575,0.55,0.655,241.9M,1.68
6262,INNOPRISE PLANTATIONS BERHAD,Plantation,0.56,0.55,0.995,268.2M,0.66
1961,IOI CORPORATION BERHAD,Plantation,3.67,3.52,4.82,"23,066.1M",1.48
4383,JAYA TIASA HOLDINGS BHD,Plantation,0.39,0.37,1.12,379.8M,1.25
5027,KIM LOONG RESOURCES BERHAD,Plantation,1.08,1.05,1.64,"1,010.2M",0.77
2453,KLUANG RUBBER COMPANY (MALAYA) BERHAD,Plantation,3.3,3.0,3.65,208.5M,10.2472
1996,KRETAM HOLDINGS BERHAD,Plantation,0.375,0.3,0.475,872.9M,0.26
2445,KUALA LUMPUR KEPONG BERHAD,Plantation,18.7,17.54,25.78,"20,215.0M",9.59
6572,KWANTAS CORPORATION BERHAD,Plantation,0.565,0.55,0.9,176.1M,3.5807
4936,MALPAC HOLDINGS BERHAD,Plantation,0.48,0.48,0.88,36.0M,2.22
5026,MHC PLANTATIONS BHD,Plantation,0.425,0.425,0.77,83.5M,1.26
2038,NEGRI SEMBILAN OIL PALMS BERHAD,Plantation,2.91,2.91,3.65,204.3M,7.77
5047,NPC RESOURCES BERHAD,Plantation,1.9,1.68,2.0,228.0M,4.37
1902,PINEHILL PACIFIC BERHAD,Plantation,0.235,0.205,0.545,35.2M,1.4
9695,PLS PLANTATIONS BERHAD,Plantation,0.61,0.51,1.31,213.9M,0.551
5113,RIMBUNAN SAWIT BERHAD,Plantation,0.175,0.12,0.465,248.2M,0.27
2542,RIVERVIEW RUBBER ESTATES BERHAD,Plantation,2.52,2.52,3.07,163.4M,4.1
5126,SARAWAK OIL PALMS BERHAD,Plantation,2.71,2.0,4.22,"1,547.2M",3.86
5135,SARAWAK PLANTATION BERHAD,Plantation,1.4,1.31,2.11,392.0M,1.98
5285,SIME DARBY PLANTATION BERHAD,Plantation,4.01,3.98,5.63,"27,607.1M",1.93
4316,SIN HENG CHAN (MALAYA) BERHAD,Plantation,0.37,0.205,0.44,48.8M,0.44
2569,SUNGEI BAGAN RUBBER COMPANY (MALAYA) BERHAD,Plantation,2.75,2.61,3.15,182.4M,8.6827
5012,TA ANN HOLDINGS BERHAD,Plantation,2.21,2.0,3.56,983.1M,3.21
2054,TDM BERHAD,Plantation,0.17,0.155,0.445,286.0M,0.44
5112,TH PLANTATIONS BERHAD,Plantation,0.28,0.275,0.685,247.5M,0.64
9059,TSH RESOURCES BERHAD,Plantation,0.94,0.865,1.59,"1,298.9M",1.0426
2593,UNITED MALACCA BERHAD,Plantation,4.75,4.75,5.5,996.4M,6.6
2089,UNITED PLANTATIONS BERHAD,Plantation,25.02,24.5,27.8,"5,207.5M",12.28
7131,ACME HOLDINGS BERHAD,Property,0.22,0.17600000000000002,0.335,54.7M,0.34
1007,AMCORP PROPERTIES BERHAD,Property,0.37,0.35,0.58,271.3M,1.45
5959,AMVERTON BERHAD,Property,1.2,0.99,1.28,438.1M,1.97
7007,ARK RESOURCES HOLDINGS BERHAD,Property,0.115,0.115,0.5,7.3M,0.27
4057,ASIAN PAC HOLDINGS BERHAD,Property,0.09,0.085,0.17,93.3M,1.0290000000000001
2305,AYER HOLDINGS BERHAD,Property,5.7,3.8,6.21,426.7M,6.99
6602,BCB BERHAD,Property,0.28,0.22,0.395,115.5M,1.18
3239,BERJAYA ASSETS BERHAD,Property,0.28,0.27,0.32,716.3M,0.85
9814,BERTAM ALLIANCE BERHAD,Property,0.18,0.11,0.285,37.2M,0.82
6173,BINA DARULAMAN BERHAD,Property,0.265,0.265,0.585,80.5M,1.53
5738,COUNTRY HEIGHTS HOLDINGS BHD,Property,0.96,0.9,1.58,264.7M,3.0
5049,COUNTRY VIEW BERHAD,Property,1.28,1.21,1.56,128.0M,4.06
6718,CRESCENDO CORPORATION BERHAD,Property,0.96,0.945,1.44,269.2M,3.22
3484,DAMANSARA REALTY BHD,Property,0.3,0.255,0.565,95.5M,0.61
7198,DPS RESOURCES BERHAD,Property,0.055,0.05,0.095,32.3M,0.21
3417,EASTERN & ORIENTAL BERHAD,Property,0.415,0.4,0.935,604.6M,1.38
8206,ECO WORLD DEVELOPMENT GROUP BERHAD,Property,0.445,0.43,0.97,"1,310.2M",1.54
5283,ECO WORLD INTERNATIONAL BERHAD,Property,0.575,0.5,1.14,"1,380.0M",1.12
3557,ECOFIRST CONSOLIDATED BHD,Property,0.375,0.29,0.39,303.2M,0.429
6076,ENCORP BERHAD,Property,0.28,0.205,0.4,85.8M,1.18
8613,ENRA GROUP BERHAD,Property,1.2,0.9,1.55,163.4M,0.9
6815,EUPE CORPORATION BERHAD,Property,0.53,0.495,0.765,67.8M,2.69
7249,EWEIN BERHAD,Property,0.3,0.265,0.74,90.5M,0.88
6041,FARLIM GROUP (MALAYSIA) BHD,Property,0.26,0.21,0.4,43.8M,1.03
1147,GLOBAL ORIENTAL BERHAD,Property,0.18,0.155,0.29,81.8M,0.64
5020,GLOMAC BERHAD,Property,0.3,0.285,0.395,240.0M,1.41
7010,GRAND HOOVER BERHAD,Property,0.365,0.355,0.64,14.6M,1.08
9962,GROMUTUAL BERHAD,Property,0.24,0.215,0.35,90.1M,0.95
7077,GSB GROUP BERHAD,Property,0.65,0.165,0.945,130.1M,0.105
1503,GUOCOLAND (MALAYSIA) BERHAD,Property,0.59,0.52,0.8,413.3M,1.8738
7105,HCK CAPITAL GROUP BERHAD,Property,1.25,1.2,1.3,529.9M,0.49
5062,HUA YANG BERHAD,Property,0.255,0.22,0.465,89.8M,1.61
4251,I-BERHAD,Property,0.15,0.14,0.45,167.5M,1.02
5084,IBRACO BERHAD,Property,0.49,0.49,0.72,243.2M,0.7255
9687,IDEAL UNITED BINTANG INTERNATIONAL BERHAD,Property,1.17,0.99,1.9,544.1M,1.1922
5606,IGB BERHAD,Property,3.1,2.5,4.06,"2,754.4M",5.3037
5249,IOI PROPERTIES GROUP BERHAD,Property,0.925,0.925,1.49,"5,093.2M",3.43
1589,ISKANDAR WATERFRONT CITY BERHAD,Property,0.44,0.39,1.32,368.5M,0.96
5175,IVORY PROPERTIES GROUP BERHAD,Property,0.15,0.125,0.22,73.5M,0.83
8923,JIANKUN INTERNATIONAL BERHAD,Property,0.32,0.285,0.38,53.4M,0.33
6769,JKG LAND BERHAD,Property,0.055,0.055,0.09,125.1M,0.21
7323,KEN HOLDINGS BERHAD,Property,0.5,0.475,0.685,95.9M,1.78
5038,KSL HOLDINGS BERHAD,Property,0.585,0.56,0.94,606.9M,3.01
3174,LAND & GENERAL BERHAD,Property,0.1,0.09,0.17,297.3M,0.3618
8494,LBI CAPITAL BERHAD,Property,0.47,0.345,1.05,47.7M,1.39
5789,LBS BINA GROUP BERHAD,Property,0.415,0.37,0.66,650.4M,0.89
3573,LIEN HOE CORPORATION BERHAD,Property,0.235,0.21,0.3,85.0M,1.41
7617,MAGNA PRIMA BERHAD,Property,0.845,0.72,1.25,283.0M,1.46
8583,MAH SING GROUP BERHAD,Property,0.465,0.445,0.97,"1,128.9M",1.44
8141,MAJUPERAK HOLDINGS BERHAD,Property,0.31,0.18,0.415,87.7M,0.67
6548,MALAYSIA PACIFIC CORPORATION BERHAD,Property,0.085,0.045,0.165,24.5M,0.23
1651,MALAYSIAN RESOURCES CORPORATION BERHAD,Property,0.43,0.4,1.15,"1,897.2M",1.0859999999999999
6181,MALTON BERHAD,Property,0.315,0.31,0.695,166.4M,1.75
5236,MATRIX CONCEPTS HOLDINGS BERHAD,Property,1.73,1.66,2.0,"1,423.5M",1.91
7189,MB WORLD GROUP BERHAD,Property,1.28,1.28,1.75,201.4M,1.76
5182,MCT BERHAD,Property,0.14,0.12,0.66,204.0M,0.6257
1694,MENANG CORPORATION (M) BERHAD,Property,0.285,0.25,0.42,137.0M,0.6676
5040,MERIDIAN BERHAD,Property,0.06,0.055,0.35,35.3M,0.23
8893,MK LAND HOLDINGS BERHAD,Property,0.09,0.09,0.2,108.7M,1.0
6114,MKH BERHAD,Property,1.13,1.1,1.86,662.8M,2.84
3913,MUI PROPERTIES BERHAD,Property,0.19,0.16,0.255,145.2M,0.3728
9539,MULTI-USAGE HOLDINGS BERHAD,Property,0.31,0.26,0.54,17.5M,1.16
5073,NAIM HOLDINGS BERHAD,Property,0.565,0.525,1.41,290.3M,2.62
5827,ORIENTAL INTEREST BERHAD,Property,1.9,1.9,2.2,294.2M,2.9
5053,OSK HOLDINGS BERHAD,Property,0.805,0.79,1.05,"1,686.7M",2.41
1724,PARAMOUNT CORPORATION BERHAD,Property,1.28,1.18,2.5,776.6M,1.88
6912,PASDEC HOLDINGS BERHAD,Property,0.245,0.235,0.42,98.1M,0.82
4464,PEGASUS HEIGHTS BERHAD,Property,0.005,0.005,0.03,50.0M,0.0193
7055,PLB ENGINEERING BERHAD,Property,1.12,0.98,1.6,125.9M,1.38
5075,PLENITUDE BERHAD,Property,0.93,0.925,1.55,354.8M,4.08
7765,RAPID SYNERGY BERHAD,Property,6.17,5.3,6.17,659.6M,1.37
8664,S P SETIA BERHAD,Property,0.92,0.875,2.31,"3,719.1M",3.02
4596,SAPURA RESOURCES BERHAD,Property,0.47,0.415,0.72,65.6M,3.14
5207,SBC CORPORATION BERHAD,Property,0.37,0.29,0.51,95.5M,1.62
4286,SEAL INCORPORATED BERHAD,Property,0.265,0.25,0.38,64.4M,1.22
2224,SELANGOR DREDGING BERHAD,Property,0.47,0.47,0.755,200.3M,2.0089
5213,SENTORIA GROUP BERHAD,Property,0.12,0.1,0.41,68.1M,0.87
6017,SHL CONSOLIDATED BHD,Property,2.0,2.0,2.81,484.2M,3.29
5288,SIME DARBY PROPERTY BERHAD,Property,0.595,0.55,1.18,"4,046.5M",1.43
4375,SOUTH MALAYSIA INDUSTRIES BERHAD,Property,0.095,0.09,0.215,19.9M,0.81
3743,SUNSURIA BERHAD,Property,0.555,0.49,0.92,497.2M,1.12
1538,SYMPHONY LIFE BERHAD,Property,0.325,0.31,0.465,195.2M,1.65
5158,TA GLOBAL BERHAD,Property,0.23,0.225,0.28,"1,224.0M",0.59
4022,TADMAX RESOURCES BERHAD,Property,0.2,0.185,0.33,156.8M,0.5056
2259,TALAM TRANSFORM BERHAD,Property,0.025,0.02,0.055,107.4M,0.0908
5191,TAMBUN INDAH LAND BERHAD,Property,0.52,0.5,0.835,225.4M,1.48
2429,TANCO HOLDINGS BERHAD,Property,0.03,0.03,0.08,24.9M,0.1772
7889,THRIVEN GLOBAL BERHAD,Property,0.21,0.18,0.48,114.9M,0.37
7079,TIGER SYNERGY BERHAD,Property,0.045,0.03,0.135,65.9M,0.23
5239,TITIJAYA LAND BERHAD,Property,0.275,0.265,0.32,371.2M,0.92
5401,TROPICANA CORPORATION BERHAD,Property,0.85,0.775,0.94,"1,249.9M",3.21
5148,UEM SUNRISE BERHAD,Property,0.4,0.395,1.02,"1,815.0M",1.61
5200,UOA DEVELOPMENT BHD,Property,1.82,1.81,2.42,"3,580.2M",2.58
6378,WMG HOLDINGS BERHAD,Property,0.055,0.045,0.15,23.4M,0.43
7003,Y&G CORPORATION BHD,Property,0.79,0.65,0.995,172.6M,1.34
3158,YNH PROPERTY BERHAD,Property,2.72,1.1,2.8,"1,438.9M",2.2
7066,YONG TAI BERHAD,Property,0.055,0.045,0.415,52.4M,0.61
5116,AL-AQAR HEALTHCARE REIT,Real Estate Investment Trusts,1.36,1.19,1.65,"1,000.9M",1.3024
5269,AL-SALAM REAL ESTATE INVESTMENT TRUST,Real Estate Investment Trusts,0.8,0.78,0.94,464.0M,1.0759999999999998
4952,AMANAH HARTA TANAH PNB,Real Estate Investment Trusts,0.71,0.71,0.83,156.2M,1.2824
5127,AMANAHRAYA REAL ESTATE INVESTMENT TRUST,Real Estate Investment Trusts,0.68,0.655,0.865,389.8M,1.3378
5120,AMFIRST REAL ESTATE INVESTMENT TRUST,Real Estate Investment Trusts,0.425,0.415,0.55,291.7M,1.219
5130,ATRIUM REAL ESTATE INVESTMENT TRUST,Real Estate Investment Trusts,1.01,0.99,1.27,206.7M,1.2786
5106,AXIS REAL ESTATE INVESTMENT TRUST,Real Estate Investment Trusts,1.84,1.69,2.01,"2,653.9M",1.4484
5180,CAPITALAND MALAYSIA MALL TRUST,Real Estate Investment Trusts,0.93,0.9,1.14,"1,908.1M",1.2378
5121,HEKTAR REAL ESTATE INVESTMENT TRUST,Real Estate Investment Trusts,0.8,0.73,1.16,369.6M,1.3192
5227,IGB REAL ESTATE INVESTMENT TRUST,Real Estate Investment Trusts,1.85,1.76,2.1,"6,570.9M",1.0663
5280,KIP REAL ESTATE INVESTMENT TRUST,Real Estate Investment Trusts,0.82,0.795,0.915,414.3M,1.0336
5235SS,KLCC REAL ESTATE INVESTMENT TRUST,Real Estate Investment Trusts,8.04,7.68,8.48,"14,514.9M",7.32
5212,PAVILION REAL ESTATE INV TRUST,Real Estate Investment Trusts,1.7,1.6,1.92,"5,173.7M",1.2677
5123,QUILL CAPITA TRUST,Real Estate Investment Trusts,0.76,0.72,1.12,814.6M,1.2011
5176,SUNWAY REAL ESTATE INVESTMENT TRUST,Real Estate Investment Trusts,1.8,1.74,1.98,"5,301.1M",1.4904
5111,TOWER REAL ESTATE INVESTMENT TRUST,Real Estate Investment Trusts,0.67,0.67,0.925,187.9M,1.8996
5110,UOA REAL ESTATE INVESTMENT TRUST,Real Estate Investment Trusts,1.23,1.19,1.48,520.1M,1.6708
5109,YTL HOSPITALITY REIT,Real Estate Investment Trusts,1.1,1.05,1.39,"1,874.8M",1.5837
5270,RED SENA BERHAD,SPAC,0.505,0.505,0.505,505.0M,0.017
5195,CENSOF HOLDINGS BERHAD,Technology,0.1,0.065,0.16,50.2M,0.2609
0051,CUSCAPI BERHAD,Technology,0.065,0.06,0.25,55.9M,0.1
7204,D&O GREEN TECHNOLOGIES BERHAD,Technology,0.59,0.49,0.925,664.2M,0.3178
4456,DAGANG NEXCHANGE BERHAD,Technology,0.135,0.13,0.32,237.3M,0.27
8338,DATAPREP HOLDINGS BHD,Technology,0.105,0.1,0.28,48.7M,0.04
5216,DATASONIC GROUP BERHAD,Technology,0.87,0.43,1.69,"1,174.5M",0.2106
0029,DIGISTAR CORPORATION BERHAD,Technology,0.03,0.02,0.06,19.7M,0.09
5036,EDARAN BERHAD,Technology,0.295,0.28,0.605,17.7M,0.4352
0090,ELSOFT RESEARCH BERHAD,Technology,0.54,0.505,1.08,361.5M,0.17
0065,EXCEL FORCE MSC BERHAD,Technology,0.335,0.275,0.745,206.2M,0.16
0128,FRONTKEN CORPORATION BERHAD,Technology,1.7,0.92,2.68,"1,790.8M",0.36
9377,FSBM HOLDINGS BERHAD,Technology,0.07,0.03,0.1,9.9M,0.04
0021,GHL SYSTEMS BERHAD,Technology,1.59,1.24,1.8,"1,191.2M",0.6039
7022,GLOBETRONICS TECHNOLOGY BERHAD,Technology,1.66,1.45,2.48,"1,111.3M",0.44
0056,GRAND-FLO BERHAD,Technology,0.23,0.195,0.3,114.5M,0.2
5028,HEITECH PADU BERHAD,Technology,0.77,0.68,1.44,77.9M,1.03
0166,INARI AMERTRON BERHAD,Technology,1.28,1.15,2.09,"4,146.3M",0.359
9393,INDUSTRONICS BERHAD,Technology,0.05,0.05,0.13,6.7M,0.11
5161,JCY INTERNATIONAL BERHAD,Technology,0.2,0.16,0.365,417.4M,0.4281
9334,KESM INDUSTRIES BERHAD,Technology,7.39,6.66,12.0,317.9M,8.4023
0143,KEY ASIC BERHAD,Technology,0.03,0.03,0.15,28.5M,0.0286
3867,MALAYSIAN PACIFIC INDUSTRIES BERHAD,Technology,9.78,8.33,12.96,"2,052.7M",6.97
5011,MESINIAGA BERHAD,Technology,1.05,0.92,1.62,63.4M,1.8891
5286,MI TECHNOVATION BERHAD,Technology,2.16,1.45,3.11,"1,620.0M",0.51
0113,MMS VENTURES BERHAD,Technology,0.525,0.49,0.955,107.1M,0.31
0041,MSCM HOLDINGS BERHAD,Technology,0.07,0.055,0.275,22.3M,0.2202
0138,MY E.G. SERVICES BERHAD,Technology,1.03,0.985,1.75,"3,714.5M",0.1981
0083,NOTION VTEC BERHAD,Technology,0.71,0.46,1.38,238.9M,1.2655
9008,OMESTI BERHAD,Technology,0.5,0.32,0.715,265.4M,0.3485
7160,PENTAMASTER CORPORATION BERHAD,Technology,3.77,2.8,5.58,"1,790.3M",0.9194
5204,PRESTARIANG BERHAD,Technology,0.155,0.15,0.65,75.0M,0.2085
9075,THETA EDGE BERHAD,Technology,0.425,0.31,0.58,45.6M,0.65
0118,TRIVE PROPERTY GROUP BERHAD,Technology,0.005,0.005,0.025,12.7M,0.03
4359,TURIYA BERHAD,Technology,0.09,0.09,0.18,20.6M,0.54
5005,UNISEM (M) BERHAD,Technology,1.91,1.7,2.93,"1,401.6M",1.864
5292,UWC BERHAD,Technology,1.8,1.1,4.49,990.4M,0.52
0097,VITROX CORPORATION BERHAD,Technology,7.6,6.61,9.57,"3,579.9M",1.0242
5162,VSTECS BERHAD,Technology,1.02,0.95,1.67,183.6M,1.71
0008,WILLOWGLEN MSC BERHAD,Technology,0.4,0.325,0.645,198.4M,0.34
7031,AMTEL HOLDINGS BERHAD,Telecommunications & Media,0.525,0.5,0.68,28.5M,0.9262
0159,ASIA MEDIA GROUP BERHAD,Telecommunications & Media,0.05,0.045,0.17,12.0M,-1.69
6399,ASTRO MALAYSIA HOLDINGS BERHAD,Telecommunications & Media,0.98,0.91,1.61,"5,110.2M",0.1595
6888,AXIATA GROUP BERHAD,Telecommunications & Media,3.9,3.48,5.28,"35,740.2M",1.77
6025,BERJAYA MEDIA BERHAD,Telecommunications & Media,0.105,0.075,0.27,24.7M,-0.04
6947,DIGI.COM BERHAD,Telecommunications & Media,4.1,3.89,5.1,"31,877.5M",0.08
0059,ECOBUILT HOLDINGS BERHAD,Telecommunications & Media,0.145,0.125,0.31,45.5M,0.3537
0082,GREEN PACKET BERHAD,Telecommunications & Media,0.59,0.305,0.935,552.1M,0.29
6012,MAXIS BERHAD,Telecommunications & Media,5.2,4.88,5.81,"40,666.6M",0.9
5090,MEDIA CHINESE INTERNATIONAL LIMITED,Telecommunications & Media,0.18,0.15,0.255,303.7M,0.4175
4502,MEDIA PRIMA BERHAD,Telecommunications & Media,0.135,0.13,0.6,149.7M,0.5392
0172,OCK GROUP BERHAD,Telecommunications & Media,0.43,0.4,0.665,412.2M,0.54
7190,PELANGI PUBLISHING GROUP BHD.,Telecommunications & Media,0.26,0.26,0.42,26.0M,1.0329
5252,SASBADI HOLDINGS BERHAD,Telecommunications & Media,0.12,0.105,0.285,50.3M,0.38
9431,SENI JAYA CORPORATION BERHAD,Telecommunications & Media,0.54,0.45,0.6,21.9M,1.3
6084,STAR MEDIA GROUP BERHAD,Telecommunications & Media,0.295,0.295,0.81,217.9M,1.11
4863,TELEKOM MALAYSIA BERHAD,Telecommunications & Media,3.36,2.6,4.68,"12,653.0M",1.9527
5031,TIME DOTCOM BERHAD,Telecommunications & Media,9.35,8.35,10.0,"5,474.7M",4.73
5032,BINTULU PORT HOLDINGS BERHAD,Transportation & Logistics,4.0,3.55,5.06,"1,840.0M",2.8915
8133,BOUSTEAD HEAVY INDUSTRIES CORPORATION BHD,Transportation & Logistics,1.03,1.03,1.4,255.9M,0.47
7187,CHIN HIN GROUP PROPERTY BERHAD,Transportation & Logistics,0.3,0.265,0.365,89.1M,0.4
7117,CJ CENTURY LOGISTICS HOLDINGS BERHAD,Transportation & Logistics,0.3,0.285,0.47,118.3M,0.81
5136,COMPLETE LOGISTIC SERVICES BERHAD,Transportation & Logistics,0.665,0.565,0.97,84.5M,1.1
5259,E.A.TECHNIQUE (M) BERHAD,Transportation & Logistics,0.26,0.23,0.525,137.9M,0.52
7210,FREIGHT MANAGEMENT HOLDINGS BERHAD,Transportation & Logistics,0.5,0.455,0.7,139.6M,1.04
0078,GD EXPRESS CARRIER BERHAD,Transportation & Logistics,0.16,0.15,0.375,902.6M,0.09
7676,GUNUNG CAPITAL BERHAD,Transportation & Logistics,0.445,0.265,0.655,107.2M,0.376
2062,HARBOUR-LINK GROUP BERHAD,Transportation & Logistics,0.555,0.505,0.75,222.2M,1.03
7013,HUBLINE BERHAD,Transportation & Logistics,0.04,0.035,0.065,152.8M,0.05
5614,INTEGRATED LOGISTICS BHD,Transportation & Logistics,0.275,0.26,0.48,53.6M,0.953
6645,LINGKARAN TRANS KOTA HOLDINGS BERHAD,Transportation & Logistics,4.35,4.13,5.0,"2,311.3M",2.07
5014,MALAYSIA AIRPORTS HOLDINGS BERHAD,Transportation & Logistics,5.67,5.42,8.88,"9,407.6M",5.6204
5077,MALAYSIAN BULK CARRIERS BERHAD,Transportation & Logistics,0.29,0.26,0.785,290.0M,0.3548
5078,MARINE & GENERAL BERHAD,Transportation & Logistics,0.065,0.05,0.11,47.1M,0.1004
3816,MISC BERHAD,Transportation & Logistics,7.4,6.38,9.41,"33,032.1M",7.78
2194,MMC CORPORATION BERHAD,Transportation & Logistics,0.645,0.645,1.25,"1,964.1M",3.04
9806,NATIONWIDE EXPRESS HOLDINGS BERHAD,Transportation & Logistics,0.09,0.07,0.36,11.1M,0.43
6254,PDZ HOLDINGS BHD,Transportation & Logistics,0.02,0.015,0.045,13.6M,0.0641
8346,PERAK CORPORATION BERHAD,Transportation & Logistics,0.15,0.135,0.595,15.0M,0.03
4634,POS MALAYSIA BERHAD,Transportation & Logistics,0.79,0.775,2.0,618.4M,1.85
5145,SEALINK INTERNATIONAL BERHAD,Transportation & Logistics,0.25,0.125,0.74,125.0M,0.66
7053,SEE HUP CONSOLIDATED BERHAD,Transportation & Logistics,0.84,0.795,1.0,67.6M,0.983
5173,SHIN YANG SHIPPING CORPORATION BERHAD,Transportation & Logistics,0.16,0.15,0.345,192.0M,0.88
6521,SURIA CAPITAL HOLDINGS BERHAD,Transportation & Logistics,1.15,1.12,1.45,397.7M,3.2196
5149,TAS OFFSHORE BERHAD,Transportation & Logistics,0.2,0.19,0.46,36.0M,0.9223
5140,TASCO BERHAD,Transportation & Logistics,0.885,0.87,1.73,177.0M,2.18
8397,TIONG NAM LOGISTICS HOLDINGS BERHAD,Transportation & Logistics,0.345,0.33,0.63,159.0M,1.53
7218,TRANSOCEAN HOLDINGS BHD,Transportation & Logistics,0.5,0.43,0.8,20.5M,0.89
5246,WESTPORTS HOLDINGS BERHAD,Transportation & Logistics,3.36,3.02,4.54,"11,457.6M",0.7508
5267,XIN HWA HOLDINGS BERHAD,Transportation & Logistics,0.6,0.245,0.915,129.6M,0.87
7471,EDEN INC. BERHAD,Utilities,0.175,0.12,0.375,70.6M,0.78
5209,GAS MALAYSIA BERHAD,Utilities,2.68,2.57,2.96,"3,441.1M",0.8123
5264,MALAKOFF CORPORATION BERHAD,Utilities,0.815,0.745,0.96,"4,075.0M",1.12
3069,MEGA FIRST CORPORATION BERHAD,Utilities,4.56,3.28,5.6,"2,058.9M",3.78
5041,PBA HOLDINGS BHD,Utilities,0.88,0.83,1.2,291.5M,2.05
6033,PETRONAS GAS BERHAD,Utilities,14.58,14.0,18.5,"28,849.9M",6.6939
5272,RANHILL HOLDINGS BERHAD,Utilities,0.955,0.92,1.56,"1,024.7M",0.55
8567,SALCON BERHAD,Utilities,0.16,0.14,0.31,135.5M,0.52
8524,TALIWORKS CORPORATION BERHAD,Utilities,0.795,0.76,1.03,"1,602.6M",51.25
5347,TENAGA NASIONAL BHD,Utilities,11.82,11.12,14.28,"67,219.0M",10.1957
4677,YTL CORPORATION BERHAD,Utilities,0.76,0.75,1.25,"8,377.3M",1.24
6742,YTL POWER INTERNATIONAL BHD,Utilities,0.595,0.595,0.915,"4,854.1M",1.59
5295,INNATURE BERHAD,,,,,,
