code,category,price,52w low,52w high,market cap,NTA
5250,Consumer Products & Services,1.43,1.27,1.56,"1,763.7M",0.0792
7214,Industrial Products & Services,0.495,0.47,0.785,84.2M,0.81
7086,Industrial Products & Services,0.065,0.06,0.095,17.2M,0.17
5198,Industrial Products & Services,0.49,0.44,0.71,88.2M,0.8829
7131,Property,0.25,0.176,0.335,62.2M,0.35
7120,Consumer Products & Services,0.345,0.33,0.47,67.1M,0.53
1481,Consumer Products & Services,0.135,0.105,0.16,125.4M,0.438
5281,Construction,0.39,0.285,0.485,157.5M,0.47
9148,Industrial Products & Services,2.2,1.74,2.4,45.1M,1.53
7191,Health Care,0.56,0.35,0.64,85.6M,0.54
7146,Industrial Products & Services,0.1,0.08,0.14,32.9M,0.2
6599,Consumer Products & Services,1.43,1.38,1.83,"2,007.7M",1.17
5139,Financial Services,14.34,14.0,17.36,"3,636.9M",6.04
5185,Financial Services,1.91,1.86,2.34,"3,793.3M",4.69
7145,Construction,0.1,0.09,0.17,50.2M,0.51
7315,Consumer Products & Services,0.11,0.1,0.185,19.4M,0.165
7078,Construction,0.39,0.29,0.575,233.2M,0.7847
5099,Consumer Products & Services,1.71,1.64,3.29,"5,714.8M",1.38
5238,Consumer Products & Services,0.15,0.145,0.315,622.2M,0.05
2658,Consumer Products & Services,14.6,14.5,19.4,887.7M,7.66
7609,Industrial Products & Services,0.42,0.395,0.575,127.9M,1.17
5116,Real Estate Investment Trusts,1.34,1.25,1.65,986.2M,1.293
5269,Real Estate Investment Trusts,0.85,0.78,0.94,493.0M,1.0681
5115,Energy,0.14,0.07,0.16,144.9M,0.43
2674,Industrial Products & Services,0.44,0.425,0.575,59.1M,0.91
2488,Financial Services,2.61,2.57,4.35,"4,040.6M",3.8
1163,Financial Services,15.8,12.92,15.8,"2,794.8M",21.44
2682,Industrial Products & Services,0.27,0.2,0.335,39.0M,0.986
4952,Real Estate Investment Trusts,0.765,0.72,0.83,168.3M,1.2783
5127,Real Estate Investment Trusts,0.73,0.725,0.865,418.4M,1.3402
1007,Property,0.485,0.45,0.58,355.6M,1.5
5293,Construction,1.95,1.55,2.05,832.9M,1.45
5120,Real Estate Investment Trusts,0.495,0.47,0.55,339.8M,1.2284
1015,Financial Services,3.96,3.78,4.64,"11,936.2M",6.02
7031,Telecommunications & Media,0.615,0.605,0.7,33.3M,0.8856
5959,Property,1.2,0.87,1.28,438.1M,1.97
6351,Consumer Products & Services,5.68,5.59,6.3,933.7M,1.33
7083,Industrial Products & Services,1.09,0.92,1.24,130.9M,2.49
4758,Industrial Products & Services,0.56,0.43,0.605,134.9M,1.35
6556,Industrial Products & Services,1.22,0.95,1.88,683.1M,2.2
9342,Industrial Products & Services,0.025,0.015,0.05,22.0M,0.1616
5568,Industrial Products & Services,0.45,0.355,0.815,50.8M,1.37
5088,Financial Services,0.8,0.78,1.08,170.9M,1.48
7090,Health Care,2.24,1.97,9.83,"1,057.1M",0.87
5194,Consumer Products & Services,0.01,0.005,0.025,13.4M,-0.01
5015,Industrial Products & Services,2.15,1.95,3.2,433.4M,6.38
6432,Consumer Products & Services,3.7,3.6,4.09,296.0M,3.14
7181,Industrial Products & Services,0.305,0.275,0.605,88.1M,0.38
7007,Property,0.29,0.25,0.5,14.1M,0.28
7722,Consumer Products & Services,0.5,0.325,0.57,116.3M,0.84
7129,Consumer Products & Services,2.2,2.12,2.7,428.5M,3.08
0159,Telecommunications & Media,0.07,0.055,0.18,16.8M,-0.0153
4057,Property,0.13,0.11,0.17,134.8M,1.023
7162,Industrial Products & Services,0.7,0.59,0.715,191.9M,1.42
7054,Plantation,0.15,0.11,0.235,99.0M,0.2914
6399,Telecommunications & Media,1.29,1.24,1.7,"6,726.7M",0.1595
8176,Industrial Products & Services,1.78,1.32,1.85,"2,143.8M",0.54
7048,Consumer Products & Services,4.13,3.92,4.8,"1,047.6M",2.04
5130,Real Estate Investment Trusts,1.05,1.02,1.27,214.9M,1.3037
7099,Industrial Products & Services,0.415,0.375,0.75,88.5M,1.61
8885,Consumer Products & Services,0.135,0.115,0.26,127.5M,0.2342
7579,Industrial Products & Services,0.61,0.58,0.81,181.6M,0.698
6888,Telecommunications & Media,4.22,3.7,5.28,"38,670.3M",1.82
5106,Real Estate Investment Trusts,1.78,1.55,1.99,"2,554.7M",1.3394
2305,Property,4.44,3.8,4.7,332.3M,6.91
5021,Industrial Products & Services,0.295,0.255,0.375,112.2M,0.71
7005,Industrial Products & Services,0.335,0.265,0.515,16.1M,0.57
7251,Energy,0.025,0.02,0.145,20.9M,-0.2354
1899,Plantation,17.4,15.1,17.6,"7,585.5M",14.43
6602,Property,0.335,0.22,0.395,138.2M,1.15
5190,Construction,0.145,0.13,0.23,125.0M,0.71
3239,Property,0.295,0.275,0.34,754.7M,0.85
3395,Industrial Products & Services,0.245,0.225,0.325,"1,277.7M",1.2176
5196,Consumer Products & Services,1.36,1.28,1.81,519.7M,1.0324
4219,Consumer Products & Services,0.185,0.15,0.305,925.1M,0.83
6025,Telecommunications & Media,0.105,0.075,0.27,24.7M,-0.03
1562,Consumer Products & Services,2.63,2.11,2.82,"3,553.2M",0.58
5248,Consumer Products & Services,2.1,2.02,2.78,"2,443.1M",0.4164
9814,Property,0.25,0.11,0.29,51.7M,0.89
5258,Financial Services,4.45,3.46,4.75,"7,851.1M",3.41
6173,Property,0.375,0.3,0.585,113.9M,1.47
5932,Construction,0.085,0.08,0.295,64.9M,0.6649
6998,Industrial Products & Services,0.11,0.105,0.15,31.9M,0.3
5032,Transportation & Logistics,4.39,3.55,5.06,"2,019.4M",2.7959
5069,Plantation,5.3,5.26,7.54,495.6M,5.85
0168,Industrial Products & Services,0.605,0.51,0.79,312.2M,0.4
9288,Consumer Products & Services,1.0,0.215,1.06,201.6M,0.4775
7036,Industrial Products & Services,0.045,0.04,0.05,240.3M,0.13
8133,Transportation & Logistics,1.23,1.12,1.4,305.6M,0.94
2771,Industrial Products & Services,0.945,0.915,1.63,"1,915.5M",2.59
5254,Plantation,0.72,0.555,1.0,"1,612.8M",1.22
6297,Industrial Products & Services,1.16,0.97,1.35,139.3M,1.97
5100,Industrial Products & Services,1.01,0.95,1.17,189.6M,1.0
9474,Consumer Products & Services,0.325,0.055,0.39,76.8M,-0.04
8761,Construction,0.785,0.725,0.8,271.2M,1.65
9938,Industrial Products & Services,0.315,0.14,0.335,64.7M,0.57
4162,Consumer Products & Services,15.3,14.54,38.58,"4,368.6M",1.32
7221,Industrial Products & Services,0.29,0.26,0.445,28.4M,1.12
7188,Industrial Products & Services,0.17,0.085,0.215,24.0M,0.16
5210,Energy,0.54,0.145,0.55,"3,173.3M",0.59
1818,Financial Services,6.16,5.9,7.44,"4,980.4M",0.91
2828,Consumer Products & Services,1.33,1.21,1.67,215.5M,1.35
7174,Consumer Products & Services,0.41,0.4,0.68,271.3M,0.69
7154,Consumer Products & Services,0.46,0.32,1.19,75.5M,0.54
2852,Industrial Products & Services,2.36,2.26,3.92,"2,535.5M",2.46
7128,Consumer Products & Services,0.22,0.2,0.295,43.3M,0.58
5105,Industrial Products & Services,2.89,1.97,3.99,555.3M,6.1122
5180,Real Estate Investment Trusts,1.01,1.0,1.14,"2,072.3M",1.2424
5257,Energy,1.29,0.4,1.47,301.7M,0.7082
5245,Consumer Products & Services,2.53,1.59,2.57,550.8M,0.71
2836,Consumer Products & Services,29.3,19.22,29.38,"8,958.4M",0.46
7076,Industrial Products & Services,1.01,0.795,1.25,543.6M,1.45
7035,Consumer Products & Services,0.535,0.385,0.69,337.4M,0.42
5195,Technology,0.13,0.115,0.165,65.2M,0.2626
8052,Industrial Products & Services,0.525,0.42,0.6,47.3M,0.53
8982,Plantation,0.695,0.48,0.705,221.3M,1.11
7209,Consumer Products & Services,0.285,0.26,0.37,36.4M,1.09
2879,Industrial Products & Services,1.26,1.25,2.19,211.3M,1.86
5273,Industrial Products & Services,0.74,0.67,0.92,411.7M,0.78
7187,Transportation & Logistics,0.29,0.265,0.395,86.2M,0.39
1929,Plantation,6.51,6.03,7.1,594.8M,7.36
5007,Industrial Products & Services,1.38,1.36,1.93,413.4M,1.97
5229,Industrial Products & Services,0.01,0.01,0.01,13.6M,0.35
5188,Consumer Products & Services,0.035,0.025,0.065,23.4M,0.19
5797,Industrial Products & Services,1.23,1.15,1.71,162.0M,3.84
7016,Industrial Products & Services,0.33,0.23,0.5,55.7M,1.82
1023,Financial Services,5.3,4.82,5.89,"52,591.7M",5.765
7117,Transportation & Logistics,0.38,0.33,0.54,149.8M,0.81
7202,Consumer Products & Services,1.0,0.99,1.15,120.5M,0.76
7018,Industrial Products & Services,0.03,0.025,0.045,17.5M,0.06
7986,Industrial Products & Services,0.415,0.36,0.53,20.7M,0.91
5104,Consumer Products & Services,0.06,0.055,0.095,43.2M,0.1
5071,Energy,1.32,0.735,1.43,706.4M,2.2874
7205,Consumer Products & Services,1.97,1.8,2.22,450.7M,1.14
2127,Industrial Products & Services,0.8,0.75,0.89,466.4M,0.52
7195,Industrial Products & Services,0.065,0.045,0.175,9.1M,0.1964
5136,Transportation & Logistics,0.7,0.65,0.97,88.9M,1.08
5037,Industrial Products & Services,0.02,0.015,0.03,49.5M,0.04
8044,Industrial Products & Services,1.1,1.1,1.35,45.1M,1.12
8435,Industrial Products & Services,0.54,0.4,1.16,40.3M,1.28
5738,Property,1.18,1.12,1.58,325.3M,3.0744
5049,Property,1.31,1.21,1.59,131.0M,4.03
6718,Property,1.24,1.15,1.44,347.8M,3.22
8591,Construction,0.905,0.855,1.21,160.1M,2.95
5094,Industrial Products & Services,1.02,0.975,1.2,387.6M,2.22
0051,Technology,0.17,0.16,0.25,146.1M,0.11
9423,Consumer Products & Services,0.38,0.365,0.51,48.0M,0.68
2925,Consumer Products & Services,2.1,1.2,2.14,211.6M,2.69
7157,Industrial Products & Services,0.35,0.305,0.57,35.0M,0.6329
5082,Industrial Products & Services,0.265,0.265,0.38,19.9M,0.79
5184,Industrial Products & Services,1.38,1.25,1.77,645.1M,1.51
7204,Technology,0.845,0.49,0.875,945.6M,0.3136
7179,Consumer Products & Services,0.035,0.025,0.035,93.7M,0.02
4456,Technology,0.27,0.22,0.34,474.7M,0.27
8125,Industrial Products & Services,2.25,1.55,2.4,737.8M,0.66
3484,Property,0.43,0.22,0.565,136.9M,0.564
5276,Industrial Products & Services,0.51,0.43,0.68,155.0M,0.41
8338,Technology,0.185,0.16,0.26,85.8M,0.03
5216,Technology,1.38,0.355,1.39,"1,863.0M",0.2032
0091,Energy,0.005,0.005,0.02,10.2M,-0.0805
5141,Energy,2.5,0.515,2.54,"2,653.2M",1.34
7119,Consumer Products & Services,1.08,0.76,1.09,144.7M,1.92
5132,Energy,0.975,0.8,1.28,391.5M,0.85
7212,Industrial Products & Services,0.245,0.18,0.355,283.0M,0.44
7277,Energy,3.46,2.73,3.57,"19,520.1M",0.697
6947,Telecommunications & Media,4.51,4.3,5.1,"35,065.3M",0.09
0029,Technology,0.04,0.035,0.06,26.3M,0.09
7528,Construction,1.72,1.6,1.9,159.4M,4.41
5908,Consumer Products & Services,2.62,2.21,2.87,413.1M,3.8246
7114,Industrial Products & Services,0.375,0.335,0.66,98.0M,0.47
5835,Industrial Products & Services,0.12,0.08,0.28,34.2M,0.04
5265,Industrial Products & Services,0.145,0.07,0.17,35.4M,0.096
7169,Industrial Products & Services,1.24,1.2,1.3,204.9M,1.69
7198,Property,0.08,0.05,0.095,47.0M,0.2
1619,Consumer Products & Services,2.36,1.62,3.0,"4,562.4M",3.49
7233,Industrial Products & Services,3.27,1.35,3.37,860.7M,0.77
7148,Health Care,1.4,0.94,1.48,958.1M,0.75
3948,Plantation,0.44,0.405,0.55,372.3M,1.5
3026,Consumer Products & Services,49.2,45.62,64.78,"3,148.8M",2.34
7165,Industrial Products & Services,0.38,0.375,2.0,88.5M,0.4793
5178,Industrial Products & Services,0.075,0.07,0.38,39.6M,0.1149
5259,Transportation & Logistics,0.36,0.335,0.525,181.4M,0.5
3417,Property,0.62,0.555,1.16,903.3M,1.36
2097,Consumer Products & Services,0.085,0.075,0.125,27.6M,0.58
2143,Financial Services,0.27,0.23,0.33,129.6M,0.43
8206,Property,0.755,0.62,1.01,"2,223.0M",1.54
5283,Property,0.925,0.6,1.14,"2,220.0M",1.12
0059,Telecommunications & Media,0.18,0.165,0.31,56.4M,0.3976
3557,Property,0.345,0.29,0.36,279.0M,0.4194
5253,Construction,0.775,0.375,0.88,"1,036.6M",0.3
5036,Technology,0.44,0.395,0.645,26.4M,0.4112
7471,Utilities,0.17,0.09,0.19,68.6M,0.78
0064,Industrial Products & Services,0.175,0.165,0.26,124.1M,0.17
8907,Industrial Products & Services,0.395,0.355,0.505,108.6M,1.32
5208,Industrial Products & Services,1.49,1.28,1.6,193.7M,1.33
7182,Consumer Products & Services,0.045,0.035,0.07,14.0M,-0.1
8877,Construction,0.795,0.435,1.04,"2,110.6M",0.95
9016,Industrial Products & Services,0.71,0.685,0.85,116.6M,2.66
5228,Financial Services,1.69,1.2,1.77,502.2M,1.41
0090,Technology,0.845,0.765,1.25,565.7M,0.16
9091,Consumer Products & Services,0.185,0.15,0.25,19.5M,0.43
6076,Property,0.3,0.27,0.45,91.9M,1.3
7149,Consumer Products & Services,0.985,0.82,1.12,69.7M,1.01
5056,Industrial Products & Services,0.715,0.56,0.91,317.0M,1.58
8613,Property,1.14,0.9,1.62,155.3M,0.8852
7217,Industrial Products & Services,0.33,0.285,0.465,62.1M,1.28
7773,Industrial Products & Services,0.37,0.31,0.46,61.4M,1.68
5081,Consumer Products & Services,0.55,0.51,0.675,130.5M,0.76
6815,Property,0.63,0.55,0.765,80.6M,2.64
7208,Consumer Products & Services,0.165,0.08,0.185,44.1M,0.2478
7094,Consumer Products & Services,0.4,0.32,0.55,17.8M,0.9837
5101,Industrial Products & Services,0.285,0.245,0.43,241.2M,1.4
5205,Construction,0.395,0.375,0.73,308.5M,1.19
7249,Property,0.55,0.52,0.74,165.9M,0.87
0065,Technology,0.505,0.37,0.745,310.8M,0.19
2984,Industrial Products & Services,1.37,1.08,1.38,116.7M,2.66
7047,Construction,0.36,0.305,0.52,134.6M,0.7868
5029,Plantation,2.64,2.44,2.9,"1,567.7M",1.87
6041,Property,0.335,0.32,0.4,56.4M,1.01
7229,Industrial Products & Services,2.82,2.28,3.02,631.3M,3.09
2755,Consumer Products & Services,0.6,0.6,1.06,150.0M,0.62
8605,Consumer Products & Services,0.315,0.28,0.53,34.3M,0.9528
5222,Plantation,1.43,0.685,1.5,"5,216.9M",1.13
6939,Consumer Products & Services,0.52,0.455,0.53,265.2M,0.99
0149,Industrial Products & Services,0.335,0.31,0.515,32.8M,0.5
3107,Industrial Products & Services,1.81,1.7,1.97,443.9M,2.37
9318,Industrial Products & Services,0.37,0.355,0.56,177.8M,0.8267
5197,Industrial Products & Services,1.05,1.0,1.87,112.2M,1.71
9172,Consumer Products & Services,1.61,1.48,2.07,398.2M,1.22
5277,Industrial Products & Services,0.77,0.205,0.825,406.8M,0.1625
3689,Consumer Products & Services,34.58,32.22,36.96,"12,683.2M",6.9
7210,Transportation & Logistics,0.61,0.53,0.7,170.3M,1.05
0128,Technology,2.36,0.665,2.4,"2,486.1M",0.34
9377,Technology,0.095,0.095,0.095,13.4M,0.04
7184,Consumer Products & Services,2.42,0.68,3.72,"1,132.6M",0.1
5226,Construction,1.18,0.705,1.54,583.6M,1.04
9261,Construction,0.7,0.5,0.96,509.6M,1.11
5398,Construction,3.88,2.27,4.04,"9,606.1M",3.35
5209,Utilities,2.77,2.57,2.96,"3,556.7M",0.7674
0078,Transportation & Logistics,0.265,0.255,0.395,"1,495.0M",0.09
7197,Industrial Products & Services,0.53,0.415,0.78,42.4M,1.24
3182,Consumer Products & Services,6.11,5.59,7.62,"23,687.8M",9.04
4715,Consumer Products & Services,3.27,2.95,4.0,"19,417.4M",3.22
2291,Plantation,10.58,9.17,11.14,"9,494.0M",5.4
3204,Construction,0.925,0.805,1.38,521.0M,0.9178
5079,Consumer Products & Services,0.165,0.11,0.415,20.8M,0.3
0021,Technology,1.38,1.24,1.8,"1,033.9M",0.5947
1147,Property,0.23,0.155,0.29,104.6M,0.63
5220,Industrial Products & Services,0.355,0.35,0.575,95.5M,0.878
7022,Technology,2.27,1.39,2.32,"1,519.6M",0.45
5020,Property,0.365,0.345,0.4,292.0M,1.41
7382,Plantation,0.48,0.34,0.5,107.0M,1.99
5649,Industrial Products & Services,0.2,0.17,0.275,27.4M,0.51
7192,Industrial Products & Services,0.19,0.145,0.245,23.1M,0.16
2135,Plantation,0.68,0.53,0.75,182.9M,1.07
7096,Industrial Products & Services,0.1,0.08,0.145,98.0M,0.11
5592,Consumer Products & Services,0.485,0.415,0.5,95.5M,1.09
7010,Property,0.48,0.435,0.715,19.2M,1.08
0056,Technology,0.26,0.19,0.3,129.4M,0.2376
0082,Telecommunications & Media,0.69,0.3,0.775,644.2M,0.3
0136,Consumer Products & Services,0.135,0.11,0.165,45.1M,0.164
9962,Property,0.28,0.24,0.35,105.2M,0.95
7077,Property,0.185,0.145,0.22,102.2M,0.1031
5102,Consumer Products & Services,3.1,2.2,5.03,"3,125.8M",1.7243
3247,Industrial Products & Services,0.475,0.4,0.55,132.0M,1.83
7676,Transportation & Logistics,0.51,0.265,0.51,120.5M,0.408
1503,Property,0.685,0.64,0.8,479.8M,1.9169
7668,Consumer Products & Services,2.05,1.97,3.08,615.6M,1.03
7253,Energy,0.365,0.3,0.51,79.9M,0.47
3034,Industrial Products & Services,9.99,9.45,10.26,"24,871.9M",2.86
5138,Plantation,2.03,1.4,2.05,"1,624.0M",2.03
2062,Transportation & Logistics,0.6,0.56,0.76,240.2M,1.02
7501,Plantation,0.54,0.34,0.8,100.2M,1.48
5008,Consumer Products & Services,3.68,3.5,3.98,252.0M,4.57
5168,Health Care,5.5,4.52,6.2,"18,552.0M",0.7
5187,Consumer Products & Services,0.065,0.055,0.155,30.4M,0.42
7105,Property,1.26,1.2,1.3,534.0M,0.48
3255,Consumer Products & Services,27.44,19.74,27.5,"8,289.6M",1.0
5028,Technology,1.19,0.425,1.44,120.5M,0.97
5121,Real Estate Investment Trusts,0.995,0.97,1.17,459.7M,1.3787
4324,Energy,4.28,4.1,6.48,"1,284.0M",6.594
5095,Industrial Products & Services,0.55,0.49,0.73,310.0M,0.76
5151,Industrial Products & Services,0.615,0.56,1.05,504.7M,0.25
3298,Industrial Products & Services,0.705,0.66,0.82,141.3M,1.05
5072,Industrial Products & Services,0.22,0.18,0.33,295.7M,0.64
5199,Energy,0.95,0.825,1.24,"1,508.8M",0.79
8443,Industrial Products & Services,0.56,0.465,0.635,187.1M,1.03
5169,Construction,0.52,0.305,0.695,214.4M,1.04
9601,Industrial Products & Services,0.1,0.07,0.135,46.0M,0.09
5165,Industrial Products & Services,0.695,0.42,0.81,61.2M,0.696
6238,Construction,1.32,1.31,1.61,769.1M,1.4801
5160,Consumer Products & Services,0.655,0.585,0.75,196.5M,0.52
5819,Financial Services,17.6,15.82,21.66,"38,151.8M",12.74
5274,Financial Services,9.38,9.38,9.6,"2,518.3M",3.4
1082,Financial Services,17.16,15.92,20.14,"19,691.4M",17.13
3301,Consumer Products & Services,10.44,8.42,11.6,"3,423.3M",5.39
5291,Industrial Products & Services,0.385,0.32,0.58,126.5M,0.35
0185,Industrial Products & Services,0.865,0.735,1.29,428.9M,0.43
5062,Property,0.36,0.3,0.465,126.7M,1.61
7013,Transportation & Logistics,0.05,0.04,0.065,191.0M,0.06
5000,Industrial Products & Services,1.06,0.465,1.69,523.4M,0.84
5024,Consumer Products & Services,0.905,0.89,1.06,724.0M,0.19
8478,Consumer Products & Services,0.27,0.235,0.35,20.2M,0.296
4251,Property,0.235,0.21,0.45,256.3M,0.97
5084,Property,0.63,0.52,0.75,312.7M,0.7125
5108,Closed-End Fund,2.39,2.3,2.5,334.6M,3.19
5255,Energy,0.05,0.035,0.125,58.9M,0.0352
9113,Consumer Products & Services,0.31,0.28,0.49,100.4M,0.29
9687,Property,1.62,0.99,1.8,751.7M,1.177
5606,Property,3.61,2.2,4.06,"2,491.4M",5.2265
5227,Real Estate Investment Trusts,1.9,1.72,2.1,"6,742.8M",1.0662
5225,Health Care,5.76,5.13,5.95,"50,538.2M",2.54
3336,Construction,2.14,1.55,2.51,"7,788.1M",2.65
2216,Plantation,2.27,1.35,2.27,"1,998.9M",1.51
5268,Construction,0.08,0.07,0.29,47.1M,0.16
7222,Industrial Products & Services,2.2,1.85,2.33,176.0M,1.62
7243,Consumer Products & Services,0.025,0.015,0.08,156.2M,0.073
0166,Technology,1.68,1.22,2.09,"5,382.0M",0.3587
2607,Plantation,0.61,0.55,0.71,256.7M,1.64
9393,Technology,0.075,0.07,0.13,10.0M,0.1
6262,Plantation,0.945,0.58,0.96,452.5M,0.64
3379,Financial Services,0.81,0.645,0.92,561.6M,2.65
0192,Construction,0.275,0.255,0.325,147.2M,0.255
5614,Transportation & Logistics,0.425,0.27,0.5,82.9M,0.9834
1961,Plantation,4.72,4.1,4.82,"29,663.5M",1.51
5249,Property,1.21,1.03,1.69,"6,662.4M",3.4
5673,Industrial Products & Services,0.33,0.325,0.53,23.9M,0.9
5107,Consumer Products & Services,0.69,0.66,1.29,60.7M,1.53
7183,Industrial Products & Services,0.095,0.065,0.16,17.6M,0.25
8834,Construction,0.48,0.43,0.63,89.6M,0.59
1589,Property,0.895,0.4,1.32,749.5M,0.96
5175,Property,0.185,0.175,0.235,90.7M,0.83
7043,Industrial Products & Services,1.07,0.95,1.25,135.7M,0.73
7223,Consumer Products & Services,0.065,0.03,0.075,67.3M,0.12
4723,Construction,1.21,0.435,1.43,778.2M,1.51
8648,Industrial Products & Services,0.1,0.1,0.125,45.0M,0.15
4383,Plantation,0.995,0.44,1.01,968.8M,1.22
7152,Consumer Products & Services,1.08,0.8,1.22,148.2M,1.23
0058,Industrial Products & Services,1.45,1.37,1.6,199.8M,2.42
5161,Technology,0.29,0.16,0.295,602.3M,0.4309
8931,Consumer Products & Services,0.32,0.31,0.42,26.3M,1.9
8923,Property,0.32,0.285,0.36,53.4M,0.31
6769,Property,0.08,0.07,0.09,182.0M,0.21
3441,Financial Services,0.075,0.065,0.115,46.7M,0.1064
7167,Consumer Products & Services,1.76,0.95,1.89,546.4M,1.09
5172,Consumer Products & Services,0.065,0.055,0.12,27.7M,0.0693
5192,Industrial Products & Services,0.415,0.285,0.595,39.8M,0.83
8672,Consumer Products & Services,0.265,0.245,0.38,52.5M,1.12
5247,Consumer Products & Services,0.575,0.375,0.665,576.4M,0.49
0054,Industrial Products & Services,0.175,0.115,0.19,83.3M,0.21
7216,Consumer Products & Services,1.4,1.18,1.96,503.3M,0.89
3476,Industrial Products & Services,4.6,4.07,5.0,"1,662.8M",6.15
7199,Industrial Products & Services,0.5,0.46,0.63,54.5M,1.04
0151,Industrial Products & Services,1.26,1.0,1.43,392.4M,0.4895
7323,Property,0.585,0.53,0.78,112.2M,1.78
6483,Financial Services,0.455,0.445,0.625,328.8M,1.29
7161,Construction,1.3,1.11,1.49,"1,614.6M",0.85
9334,Technology,9.15,6.66,10.0,393.6M,8.4451
0143,Technology,0.055,0.045,0.15,52.3M,0.0307
6203,Consumer Products & Services,0.44,0.165,0.675,50.3M,0.97
7062,Consumer Products & Services,1.56,1.38,1.75,62.5M,3.29
6211,Industrial Products & Services,0.2,0.13,0.3,12.4M,0.9219
5371,Industrial Products & Services,1.07,1.0,1.27,166.5M,2.95
5027,Plantation,1.62,1.08,1.64,"1,515.4M",0.77
5171,Construction,1.27,1.08,1.49,431.6M,2.071
5060,Industrial Products & Services,0.005,0.005,0.005,5.2M,-0.66
5280,Real Estate Investment Trusts,0.865,0.75,0.905,437.1M,1.0291
9466,Industrial Products & Services,1.45,0.85,1.58,373.8M,1.23
5235SS,Real Estate Investment Trusts,7.99,7.6,8.48,"14,424.6M",7.27
2453,Plantation,3.39,3.1,3.92,214.2M,10.3567
7164,Energy,0.375,0.075,0.475,986.8M,0.62
5035,Industrial Products & Services,0.69,0.35,0.8,68.8M,2.1804
6971,Industrial Products & Services,1.81,1.19,1.99,184.8M,1.78
7017,Industrial Products & Services,0.245,0.12,0.39,46.4M,0.3
4847,Consumer Products & Services,0.095,0.05,0.195,38.3M,0.1
7153,Health Care,4.25,3.44,4.4,"5,435.5M",0.0109
0002,Health Care,1.86,1.63,2.31,269.6M,1.23
5878,Health Care,0.94,0.87,1.1,"4,172.8M",0.38
9121,Industrial Products & Services,0.48,0.45,0.565,71.0M,1.82
1996,Plantation,0.43,0.345,0.475,"1,000.9M",0.255
5038,Property,0.765,0.69,0.96,793.7M,2.91
2445,Plantation,24.8,20.9,25.78,"26,474.1M",9.73
6874,Industrial Products & Services,0.34,0.235,0.53,189.2M,0.55
2186,Financial Services,1.67,1.54,2.15,206.7M,3.7438
6491,Industrial Products & Services,1.66,1.51,1.8,468.5M,2.84
7033,Industrial Products & Services,1.22,0.95,1.32,49.5M,2.5716
9083,Industrial Products & Services,0.14,0.12,0.2,29.6M,0.4106
5843,Industrial Products & Services,0.695,0.645,1.69,373.5M,1.76
7130,Consumer Products & Services,1.41,0.295,1.7,107.4M,0.33
6572,Plantation,0.81,0.61,0.91,252.5M,3.6
8362,Industrial Products & Services,0.26,0.22,0.4,39.0M,0.6
3174,Property,0.14,0.13,0.17,416.2M,0.3719
1643,Consumer Products & Services,0.475,0.41,0.63,251.2M,3.14
7006,Consumer Products & Services,2.83,2.7,4.08,275.1M,5.97
9385,Consumer Products & Services,0.43,0.375,0.53,283.9M,0.52
9326,Industrial Products & Services,0.49,0.455,0.6,121.8M,1.2
8494,Property,0.57,0.555,1.05,57.9M,1.41
5789,Property,0.49,0.48,0.705,767.9M,0.87
9881,Industrial Products & Services,0.265,0.245,0.34,33.9M,1.13
9628,Construction,1.04,0.735,1.11,141.9M,0.9547
8079,Consumer Products & Services,0.62,0.575,1.01,104.0M,0.33
5232,Industrial Products & Services,0.44,0.41,0.57,136.4M,1.15
6633,Consumer Products & Services,0.875,0.72,1.19,"3,193.8M",0.4419
8745,Industrial Products & Services,0.2,0.105,0.26,64.4M,0.2
7170,Industrial Products & Services,0.23,0.09,0.3,47.0M,0.17
3573,Property,0.245,0.22,0.305,88.6M,1.37
7089,Consumer Products & Services,3.08,2.57,3.29,554.4M,2.01
6645,Transportation & Logistics,4.59,4.08,5.0,"2,438.5M",1.9354
4235,Industrial Products & Services,0.38,0.315,0.665,272.8M,2.27
8486,Industrial Products & Services,0.405,0.375,0.505,93.8M,2.42
7126,Consumer Products & Services,0.125,0.05,0.69,36.3M,-0.25
5284,Industrial Products & Services,2.38,2.23,4.8,"5,492.5M",5.25
8303,Consumer Products & Services,0.11,0.08,0.225,75.9M,-0.44
8621,Financial Services,15.1,14.6,16.92,"6,015.6M",4.8013
7085,Consumer Products & Services,1.26,0.955,1.4,163.9M,1.94
5068,Industrial Products & Services,0.085,0.065,0.105,176.5M,0.09
5143,Industrial Products & Services,0.48,0.47,0.575,430.0M,0.33
9199,Industrial Products & Services,2.41,2.38,2.85,100.2M,3.67
1198,Financial Services,0.765,0.465,1.07,209.1M,1.89
7617,Property,0.88,0.8,1.25,294.7M,1.49
7087,Consumer Products & Services,2.54,2.34,7.11,"1,102.2M",1.32
3859,Consumer Products & Services,2.57,1.92,2.9,"3,695.0M",1.72
8583,Property,0.705,0.67,1.03,"1,711.5M",1.43
8141,Property,0.345,0.18,0.38,88.7M,0.7
5264,Utilities,0.875,0.785,0.99,"4,375.0M",1.13
1155,Financial Services,8.61,8.37,9.71,"96,788.1M",7.0544
3794,Industrial Products & Services,2.92,1.8,4.57,"2,481.1M",2.84
3662,Consumer Products & Services,0.64,0.47,0.855,642.6M,1.09
3891,Consumer Products & Services,0.2,0.165,0.255,586.5M,0.1263
5014,Transportation & Logistics,7.69,6.6,8.88,"12,759.2M",5.6105
1171,Financial Services,0.84,0.82,1.08,"5,639.3M",1.2909
5186,Energy,0.88,0.54,0.97,"1,408.0M",1.4779
6548,Property,0.105,0.045,0.165,30.2M,0.23
5916,Industrial Products & Services,0.855,0.695,1.02,342.0M,0.96
5098,Industrial Products & Services,0.425,0.345,0.59,185.0M,1.7
5077,Transportation & Logistics,0.56,0.475,0.785,560.0M,0.3817
3867,Technology,11.34,8.33,11.58,"2,380.1M",6.83
1651,Property,0.735,0.6,1.15,"3,242.9M",1.084
4936,Plantation,0.8,0.675,0.88,60.0M,2.22
6181,Property,0.48,0.43,0.695,253.5M,1.75
1058,Financial Services,2.48,2.31,2.85,501.9M,4.18
3514,Consumer Products & Services,0.12,0.11,0.135,126.5M,0.19
5078,Transportation & Logistics,0.07,0.06,0.11,50.7M,0.1145
7029,Industrial Products & Services,2.6,0.575,2.72,142.0M,1.88
5236,Property,1.91,1.86,2.02,"1,571.6M",1.86
6012,Telecommunications & Media,5.45,5.07,5.81,"42,621.7M",0.91
7189,Property,1.46,1.36,1.8,229.8M,1.75
5983,Consumer Products & Services,3.86,2.18,4.47,"1,508.8M",4.36
7004,Industrial Products & Services,0.435,0.435,0.75,19.3M,1.802
5182,Property,0.31,0.195,0.75,451.7M,0.6245
5090,Telecommunications & Media,0.235,0.15,0.265,396.5M,0.4162
4502,Telecommunications & Media,0.29,0.265,0.6,321.7M,0.6411
3069,Utilities,5.0,3.06,5.01,"2,187.1M",3.55
5129,Construction,0.435,0.36,0.55,52.2M,1.78
3778,Industrial Products & Services,0.15,0.095,0.19,53.9M,0.91
1694,Property,0.315,0.29,0.43,151.5M,0.66
5223,Industrial Products & Services,0.5,0.435,0.7,35.0M,2.51
8192,Construction,0.76,0.66,0.94,30.5M,1.9134
5040,Property,0.06,0.055,0.35,35.3M,0.23
7234,Consumer Products & Services,0.34,0.19,0.53,31.0M,1.07
5011,Technology,1.28,1.02,1.93,77.3M,1.6999
6149,Industrial Products & Services,1.4,1.4,1.8,168.0M,3.4946
0043,Industrial Products & Services,0.045,0.035,0.115,56.1M,0.08
7595,Construction,0.65,0.6,0.815,326.1M,0.91
5026,Plantation,0.72,0.545,0.735,141.5M,1.26
5286,Technology,1.89,1.45,2.8,"1,417.5M",0.73
5001,Industrial Products & Services,0.285,0.22,0.36,149.6M,0.65
7935,Consumer Products & Services,0.85,0.6,0.9,46.3M,0.72
5166,Consumer Products & Services,0.06,0.035,0.12,74.4M,0.17
7219,Industrial Products & Services,0.085,0.045,0.095,78.3M,0.08
5576,Industrial Products & Services,0.32,0.24,0.34,109.0M,1.11
5886,Consumer Products & Services,1.34,0.76,1.35,81.5M,1.78
3816,Transportation & Logistics,8.44,6.2,9.41,"37,674.4M",7.95
9571,Construction,0.28,0.25,0.45,250.9M,0.88
8893,Property,0.165,0.16,0.21,199.2M,1.0
6114,Property,1.73,1.11,1.74,"1,014.7M",2.79
2194,Transportation & Logistics,1.01,0.81,1.25,"3,075.5M",2.99
0113,Technology,0.725,0.585,0.99,147.8M,0.3
6459,Financial Services,1.1,0.915,1.29,861.4M,3.08
5237,Financial Services,1.06,0.985,1.19,757.9M,1.9
5123,Real Estate Investment Trusts,0.99,0.985,1.13,"1,061.1M",1.2408
0041,Technology,0.13,0.115,0.275,41.4M,0.0674
5202,Consumer Products & Services,0.895,0.86,2.6,629.2M,2.41
5924,Construction,0.165,0.12,0.25,38.2M,0.37
5152,Industrial Products & Services,1.38,0.96,1.42,148.0M,1.33
3883,Industrial Products & Services,1.42,1.4,2.21,433.2M,3.45
5085,Construction,0.4,0.18,0.445,242.2M,0.24
5703,Construction,2.43,2.24,3.2,"1,179.0M",2.46
3913,Property,0.185,0.16,0.255,141.4M,0.3698
3905,Consumer Products & Services,1.88,1.62,2.65,600.9M,8.68
5150,Consumer Products & Services,0.005,0.005,0.025,3.0M,-0.0069
9539,Property,0.365,0.33,0.54,20.6M,1.17
0138,Technology,1.14,0.925,1.75,"4,111.2M",0.1847
5087,Industrial Products & Services,0.32,0.225,0.335,104.7M,1.21
5275,Consumer Products & Services,1.09,1.06,1.5,743.5M,0.44
5073,Property,1.11,0.44,1.44,570.3M,2.62
9806,Transportation & Logistics,0.21,0.13,0.36,25.9M,53.0
2038,Plantation,3.6,3.14,3.6,252.7M,7.76
4707,Consumer Products & Services,147.9,142.1,150.6,"34,682.6M",2.99
7060,Consumer Products & Services,2.56,2.45,2.86,211.6M,5.59
7241,Industrial Products & Services,0.4,0.355,0.52,201.7M,0.29
7215,Consumer Products & Services,0.155,0.14,0.345,49.8M,0.27
7139,Consumer Products & Services,0.065,0.02,0.075,45.7M,0.05
0083,Technology,0.97,0.46,1.06,325.5M,1.2535
5047,Plantation,1.9,1.68,2.0,228.0M,2.18
5066,Consumer Products & Services,0.5,0.385,0.575,561.6M,0.4
5025,Industrial Products & Services,0.11,0.06,0.145,47.5M,0.075
4944,Industrial Products & Services,0.58,0.555,0.72,112.7M,1.85
5533,Consumer Products & Services,0.39,0.3,0.58,40.1M,2.04
0049,Consumer Products & Services,0.435,0.395,0.555,106.7M,0.4065
0172,Telecommunications & Media,0.585,0.4,0.665,560.8M,0.53
7071,Construction,0.26,0.22,0.37,86.0M,0.27
7140,Industrial Products & Services,0.74,0.555,0.76,181.6M,0.74
3018,Consumer Products & Services,0.11,0.09,0.135,112.6M,0.4
9008,Technology,0.51,0.32,0.545,244.1M,0.3389
5260,Consumer Products & Services,0.535,0.475,0.74,152.5M,0.9
7107,Consumer Products & Services,0.665,0.625,0.9,159.6M,0.8
4006,Consumer Products & Services,6.56,6.13,6.88,"4,069.8M",10.6738
5827,Property,1.96,1.96,2.2,303.5M,2.9
5065,Industrial Products & Services,1.06,0.88,1.19,79.8M,2.29
5053,Property,1.04,0.835,1.05,"2,179.1M",2.37
7225,Industrial Products & Services,0.06,0.045,0.075,134.7M,0.0569
7095,Industrial Products & Services,1.44,1.07,1.68,553.0M,0.114
6009,Financial Services,0.96,0.95,1.03,275.6M,1.07
7052,Consumer Products & Services,3.16,3.0,4.11,"2,079.0M",1.13
4081,Consumer Products & Services,0.135,0.125,0.16,104.4M,0.3991
1287,Consumer Products & Services,0.075,0.035,0.095,69.7M,0.0379
3719,Consumer Products & Services,37.0,36.9,41.2,"2,247.6M",12.62
8419,Industrial Products & Services,0.64,0.43,0.885,295.7M,0.38
5125,Industrial Products & Services,0.5,0.425,0.62,375.3M,0.8
5022,Consumer Products & Services,0.345,0.3,0.46,62.5M,0.53
3611,Industrial Products & Services,0.98,0.88,1.1,182.9M,1.31
9407,Consumer Products & Services,0.265,0.22,0.35,18.6M,0.59
1724,Property,1.18,1.18,2.5,715.9M,1.81
5657,Consumer Products & Services,0.22,0.195,0.295,240.7M,1.81
6912,Property,0.34,0.28,0.46,136.1M,0.86
5212,Real Estate Investment Trusts,1.74,1.61,1.92,"5,291.5M",1.2637
5041,Utilities,1.1,1.06,1.27,364.4M,2.1
6068,Consumer Products & Services,0.43,0.185,0.635,90.3M,0.6805
6254,Transportation & Logistics,0.035,0.025,0.045,23.9M,0.0679
5271,Industrial Products & Services,1.1,0.7,1.3,206.8M,0.9281
4464,Property,0.01,0.005,0.03,72.0M,0.0198
7190,Telecommunications & Media,0.34,0.3,0.44,34.0M,1.0062
5231,Consumer Products & Services,0.28,0.275,0.5,170.3M,0.76
9997,Consumer Products & Services,0.325,0.3,0.59,42.1M,0.88
7160,Technology,4.63,2.3,4.92,"2,198.7M",0.8752
8346,Transportation & Logistics,0.37,0.295,0.595,37.0M,1.03
0186,Consumer Products & Services,0.24,0.19,0.27,341.5M,0.2318
7108,Energy,0.41,0.19,0.54,319.2M,0.58
0047,Energy,0.005,0.005,0.03,6.3M,-0.51
7080,Consumer Products & Services,0.795,0.335,0.795,155.8M,0.7
8311,Construction,0.225,0.175,0.28,156.4M,0.2693
5219,Industrial Products & Services,1.36,0.975,1.53,"1,039.4M",0.7499
5133,Energy,1.38,0.345,1.86,444.0M,1.15
3042,Energy,5.1,4.92,7.5,"1,377.0M",6.5213
5183,Industrial Products & Services,7.36,6.75,9.49,"58,880.0M",3.73
5681,Consumer Products & Services,23.12,21.2,28.48,"22,968.7M",6.05
6033,Utilities,17.24,14.0,19.26,"34,113.3M",6.7146
7081,Health Care,2.09,2.0,2.93,546.0M,1.98
5622,Construction,0.81,0.74,0.9,56.0M,1.04
1902,Plantation,0.515,0.245,0.53,77.1M,1.49
9598,Construction,3.0,2.05,3.43,497.6M,1.95
7163,Industrial Products & Services,0.18,0.1,0.325,14.8M,0.27
7055,Property,1.45,0.98,1.5,163.0M,1.37
5075,Property,1.28,1.28,1.55,488.4M,4.12
9695,Plantation,0.84,0.64,1.31,294.6M,0.5492
7172,Industrial Products & Services,3.15,3.05,3.74,660.5M,2.51
6637,Industrial Products & Services,0.47,0.45,0.57,61.8M,0.45
7088,Consumer Products & Services,1.52,1.38,1.64,369.8M,1.5622
5080,Consumer Products & Services,0.5,0.45,0.555,205.2M,1.36
8117,Industrial Products & Services,0.38,0.305,0.48,60.8M,1.0381
4634,Transportation & Logistics,1.5,1.22,2.26,"1,174.2M",2.08
7237,Consumer Products & Services,2.4,1.26,2.45,981.2M,0.6
4065,Consumer Products & Services,19.76,17.08,19.96,"28,110.6M",14.98
8869,Industrial Products & Services,4.7,4.01,4.95,"18,979.1M",0.79
9873,Industrial Products & Services,0.41,0.395,0.785,84.0M,1.44
5204,Technology,0.425,0.3,0.65,205.7M,0.2185
7168,Consumer Products & Services,0.58,0.55,1.3,233.9M,0.4659
7123,Industrial Products & Services,0.04,0.035,0.08,163.8M,0.07
7201,Industrial Products & Services,0.12,0.1,0.16,79.0M,0.12
8966,Consumer Products & Services,0.86,0.41,1.1,155.7M,1.32
5070,Construction,0.42,0.2,0.435,208.1M,0.6842
5436,Industrial Products & Services,4.18,4.18,5.2,415.1M,3.92
1295,Financial Services,19.88,18.8,25.18,"77,176.9M",10.9746
8273,Industrial Products & Services,1.08,0.475,1.17,203.7M,1.29
6807,Construction,0.33,0.255,0.425,148.3M,2.94
7134,Consumer Products & Services,0.71,0.68,0.92,123.5M,1.81
7084,Consumer Products & Services,7.93,6.45,8.35,"12,865.9M",1.22
7544,Industrial Products & Services,1.35,0.71,1.43,78.2M,1.75
7498,Industrial Products & Services,0.28,0.19,0.32,12.9M,0.95
5272,Utilities,1.09,1.08,1.56,"1,161.9M",0.54
7765,Property,5.9,5.21,6.1,630.7M,1.35
9296,Financial Services,1.66,1.44,1.81,614.0M,1.8
5256,Energy,0.17,0.165,0.365,186.4M,0.75
5270,SPAC,0.505,0.5,0.51,505.0M,0.017
7232,Industrial Products & Services,0.3,0.26,0.35,41.2M,1.0265
9946,Consumer Products & Services,0.265,0.26,0.42,65.4M,0.43
0037,Consumer Products & Services,0.17,0.165,0.25,263.2M,0.16
9954,Industrial Products & Services,0.18,0.12,0.245,103.8M,0.1096
1066,Financial Services,5.84,5.21,6.07,"23,418.7M",6.44
5278,Consumer Products & Services,0.7,0.65,0.845,127.8M,0.58
5113,Plantation,0.395,0.12,0.4,560.3M,0.29
2542,Plantation,2.95,2.72,3.13,191.3M,4.09
9741,Industrial Products & Services,0.63,0.5,0.79,297.8M,0.7
7803,Industrial Products & Services,0.545,0.42,0.6,137.5M,0.8
8567,Utilities,0.245,0.205,0.31,207.5M,0.51
0183,Consumer Products & Services,0.89,0.285,0.985,345.3M,0.3936
9822,Industrial Products & Services,7.95,7.25,8.68,"1,074.6M",4.04
5147,Industrial Products & Services,0.67,0.55,0.765,182.2M,0.57
7943,Consumer Products & Services,0.35,0.2,0.36,23.1M,0.35
5218,Energy,0.275,0.255,0.375,"4,394.2M",0.86
7811,Industrial Products & Services,0.7,0.69,0.815,50.9M,1.44
4596,Property,0.53,0.5,0.72,74.0M,3.14
5170,Industrial Products & Services,0.335,0.225,0.46,106.2M,72.0
9237,Industrial Products & Services,1.88,0.415,1.91,161.5M,0.59
5126,Plantation,4.02,2.0,4.02,"2,294.9M",3.77
5135,Plantation,2.04,1.31,2.05,571.2M,1.95
5252,Telecommunications & Media,0.18,0.16,0.285,75.4M,0.37
5157,Consumer Products & Services,0.265,0.225,0.4,36.4M,0.42
5207,Property,0.435,0.36,0.525,112.3M,1.64
7239,Industrial Products & Services,0.235,0.105,0.36,22.6M,0.49
7247,Industrial Products & Services,1.58,0.76,1.64,305.9M,0.8412
0099,Industrial Products & Services,1.25,0.75,1.38,444.3M,0.29
4731,Industrial Products & Services,9.49,8.11,9.87,"4,895.7M",4.48
7045,Energy,0.07,0.035,0.14,163.9M,0.17
7158,Energy,0.045,0.035,0.145,49.2M,-0.03
7073,Industrial Products & Services,0.36,0.175,0.565,173.4M,1.13
4286,Property,0.32,0.285,0.4,77.7M,1.22
5145,Transportation & Logistics,0.44,0.1,0.495,220.0M,0.7
7053,Transportation & Logistics,1.0,0.795,1.0,80.4M,0.9957
9792,Consumer Products & Services,0.635,0.61,0.655,803.0M,0.0926
2224,Property,0.625,0.59,0.755,266.3M,1.9965
9431,Telecommunications & Media,0.55,0.45,0.86,22.3M,1.31
5213,Property,0.17,0.16,0.48,96.4M,0.88
5279,Energy,2.11,1.95,4.56,"6,506.9M",1.61
5163,Industrial Products & Services,0.71,0.18,0.75,56.8M,0.25
7180,Consumer Products & Services,0.83,0.44,0.98,211.2M,0.39
5517,Consumer Products & Services,5.05,4.77,5.95,"2,222.0M",2.3798
7412,Consumer Products & Services,0.49,0.415,0.55,24.5M,1.34
5173,Transportation & Logistics,0.2,0.195,0.345,240.0M,0.9
6017,Property,2.31,2.18,2.81,559.3M,3.33
5181,Industrial Products & Services,0.98,0.795,0.995,183.8M,0.69
7246,Consumer Products & Services,0.45,0.315,0.565,108.1M,0.75
4197,Consumer Products & Services,2.31,2.04,2.47,"15,711.3M",2.09
5285,Plantation,5.46,4.22,5.48,"37,589.8M",1.95
5288,Property,0.925,0.705,1.21,"6,290.8M",1.4
4316,Plantation,0.36,0.205,0.445,47.5M,0.42
9776,Consumer Products & Services,0.165,0.105,0.25,35.3M,0.903
2739,Energy,0.14,0.115,0.3,157.1M,0.3
8532,Consumer Products & Services,0.18,0.085,0.405,71.1M,0.28
7115,Industrial Products & Services,0.5,0.41,0.69,20.0M,2.08
7155,Industrial Products & Services,1.36,1.0,1.44,"1,700.3M",0.5
7248,Industrial Products & Services,1.17,1.1,1.42,370.8M,0.59
7132,Industrial Products & Services,0.33,0.32,0.53,14.8M,1.38
5242,Consumer Products & Services,0.28,0.2,0.375,110.1M,0.36
4375,Property,0.14,0.13,0.215,29.4M,0.82
5134,Industrial Products & Services,3.7,3.55,3.98,506.7M,4.44
5665,Industrial Products & Services,0.81,0.69,1.22,351.2M,1.84
8664,Property,1.56,1.18,2.62,"6,306.3M",2.99
7103,Consumer Products & Services,2.18,2.0,2.4,457.8M,1.9365
6084,Telecommunications & Media,0.475,0.41,0.83,350.8M,1.11
5006,Construction,0.92,0.82,1.81,61.6M,0.65
6904,Industrial Products & Services,0.86,0.38,0.88,179.7M,2.97
7207,Industrial Products & Services,0.945,0.52,1.12,235.8M,1.35
1201,Energy,0.005,0.005,0.045,21.3M,0.12
2569,Plantation,2.95,2.8,3.16,195.7M,8.7241
3743,Property,0.61,0.58,0.92,546.5M,1.09
5211,Industrial Products & Services,1.81,1.45,1.84,"8,930.4M",1.7
5263,Construction,1.93,1.32,2.2,"2,495.3M",0.46
5176,Real Estate Investment Trusts,1.85,1.67,1.98,"5,448.4M",1.4901
7235,Industrial Products & Services,0.98,0.74,1.41,156.8M,0.8075
7106,Health Care,1.41,1.31,3.57,"1,918.0M",0.85
6521,Transportation & Logistics,1.29,1.21,1.85,446.1M,3.2122
7186,Consumer Products & Services,0.595,0.5,0.775,108.5M,0.5102
6139,Financial Services,5.73,3.73,7.18,"4,737.5M",1.58
9717,Construction,0.225,0.21,0.285,93.7M,0.6574
7082,Consumer Products & Services,0.16,0.155,0.245,99.1M,0.4
1538,Property,0.405,0.33,0.45,243.2M,1.62
7228,Energy,0.455,0.315,0.585,228.2M,0.43
5012,Plantation,3.49,2.0,3.49,"1,552.5M",3.21
4898,Financial Services,0.59,0.56,0.69,"1,010.0M",1.47
5158,Property,0.25,0.225,0.28,"1,330.4M",0.59
7097,Industrial Products & Services,0.095,0.08,0.6,34.0M,0.35
4022,Property,0.295,0.2,0.33,231.2M,0.4905
7211,Consumer Products & Services,0.33,0.24,0.365,26.4M,0.54
2259,Property,0.035,0.025,0.055,150.3M,0.0908
8524,Utilities,0.87,0.78,1.03,"1,753.8M",53.37
5191,Property,0.715,0.71,0.835,309.9M,1.45
4405,Consumer Products & Services,1.32,1.29,1.75,887.0M,4.37
2429,Property,0.05,0.04,0.08,41.5M,0.1953
5149,Transportation & Logistics,0.24,0.2,0.36,43.2M,0.9275
5140,Transportation & Logistics,1.19,1.0,1.73,238.0M,2.16
4448,Industrial Products & Services,5.46,4.12,6.8,675.0M,4.2489
2054,Plantation,0.345,0.16,0.345,580.5M,0.54
5289,Industrial Products & Services,0.885,0.66,1.02,203.6M,0.56
7439,Consumer Products & Services,1.35,0.695,1.55,54.1M,1.3729
7200,Consumer Products & Services,0.29,0.21,0.34,101.0M,0.58
4863,Telecommunications & Media,3.91,2.57,4.68,"14,723.8M",1.9671
5347,Utilities,13.26,11.24,14.28,"75,408.1M",10.0904
9369,Consumer Products & Services,1.2,0.94,1.48,48.9M,2.22
7252,Consumer Products & Services,1.29,0.95,1.43,387.0M,1.02
8702,Industrial Products & Services,0.43,0.365,0.73,53.4M,1.9557
7206,Energy,0.075,0.025,0.08,84.1M,0.06
5112,Plantation,0.64,0.29,0.645,565.7M,0.83
9075,Technology,0.45,0.245,0.58,48.3M,0.55
7034,Industrial Products & Services,3.42,2.18,3.67,631.7M,3.11
0012,Consumer Products & Services,0.745,0.7,0.985,366.5M,0.7074
7889,Property,0.185,0.18,0.28,101.2M,0.39
7374,Industrial Products & Services,1.11,1.04,1.48,160.7M,2.14
7079,Property,0.085,0.03,0.135,116.3M,0.27
7854,Industrial Products & Services,0.54,0.41,0.7,48.1M,0.5566
5031,Telecommunications & Media,9.2,7.75,9.5,"5,386.9M",4.58
8397,Transportation & Logistics,0.48,0.42,0.765,221.2M,1.52
5239,Property,0.295,0.285,0.34,397.6M,0.92
0101,Health Care,0.625,0.61,0.82,"1,088.7M",0.44
7230,Consumer Products & Services,0.46,0.405,0.6,63.8M,1.53
7285,Industrial Products & Services,0.5,0.43,0.73,210.0M,0.43
5010,Industrial Products & Services,2.2,2.18,4.23,346.3M,3.03
7113,Health Care,4.76,4.21,5.76,"12,189.4M",1.01
5111,Real Estate Investment Trusts,0.82,0.815,0.925,230.0M,1.8934
7173,Industrial Products & Services,0.74,0.575,0.89,79.2M,1.14
7176,Consumer Products & Services,0.3,0.295,0.46,70.1M,0.4
7218,Transportation & Logistics,0.54,0.43,0.94,22.1M,1.0
5054,Construction,0.455,0.4,0.765,218.6M,0.88
0118,Technology,0.01,0.005,0.025,23.5M,0.03
5401,Property,0.935,0.805,0.94,"1,374.8M",2.42
9059,Plantation,1.48,0.865,1.48,"2,045.1M",1.0302
5042,Construction,0.35,0.32,0.595,61.1M,0.89
5230,Financial Services,0.565,0.54,0.765,424.7M,0.73
5167,Industrial Products & Services,0.695,0.56,0.84,75.1M,0.99
4359,Technology,0.125,0.1,0.2,28.6M,0.54
7100,Industrial Products & Services,2.83,2.36,2.95,"1,276.1M",0.39
1368,Industrial Products & Services,3.03,2.6,3.52,"2,519.8M",1.77
5148,Property,0.725,0.655,1.02,"3,289.6M",1.58
7137,Industrial Products & Services,1.88,1.75,2.6,76.5M,3.99
7227,Industrial Products & Services,0.765,0.765,1.1,61.2M,1.25
4588,Consumer Products & Services,4.45,4.32,6.02,"5,198.9M",3.0383
7091,Industrial Products & Services,1.23,0.935,1.45,195.3M,1.753
5005,Technology,2.19,1.91,3.3,"1,607.1M",1.9165
2593,Plantation,5.4,5.0,5.67,"1,132.8M",6.6
2089,Plantation,26.38,24.5,27.8,"5,490.6M",12.28
7133,Industrial Products & Services,0.52,0.385,0.8,113.3M,1.3147
5200,Property,2.04,1.87,2.45,"4,013.0M",2.52
5110,Real Estate Investment Trusts,1.22,1.2,1.48,515.9M,1.7171
7757,Consumer Products & Services,2.22,2.05,2.3,176.7M,3.29
5292,Technology,3.23,1.1,3.28,"1,184.8M",0.51
7250,Energy,0.99,0.55,1.17,316.8M,1.56
6963,Industrial Products & Services,1.37,0.7,1.41,"2,551.0M",0.9
5243,Energy,0.38,0.165,0.41,"3,121.9M",0.3458
4995,Industrial Products & Services,0.25,0.24,0.485,35.5M,0.32
7240,Consumer Products & Services,0.845,0.81,0.97,159.5M,0.64
0097,Technology,7.94,5.7,8.4,"3,739.8M",0.9711
7070,Construction,0.865,0.8,1.17,507.0M,0.9388
5162,Technology,1.55,0.945,1.67,279.0M,1.68
5142,Energy,1.18,0.595,1.33,914.4M,1.31
7203,Consumer Products & Services,0.94,0.88,1.27,150.4M,1.21
5016,Consumer Products & Services,1.7,1.69,2.3,114.2M,5.05
7226,Industrial Products & Services,0.505,0.365,0.95,42.7M,0.65
3565,Construction,0.385,0.295,0.695,460.3M,0.6991
9679,Construction,0.865,0.665,1.22,"1,226.7M",2.3
0197,Consumer Products & Services,0.275,0.255,0.37,137.5M,0.15
7231,Industrial Products & Services,1.12,1.11,1.34,557.7M,0.234
5246,Transportation & Logistics,4.15,3.45,4.54,"14,151.5M",0.714
5009,Industrial Products & Services,1.02,1.01,1.55,244.8M,2.95
7692,Industrial Products & Services,0.59,0.46,0.7,26.4M,0.85
0008,Technology,0.52,0.325,0.55,257.9M,0.33
6378,Property,0.12,0.07,0.17,51.1M,0.44
7050,Industrial Products & Services,0.52,0.425,0.85,59.6M,0.61
7025,Industrial Products & Services,0.63,0.53,0.83,25.2M,1.07
4243,Industrial Products & Services,0.59,0.43,0.715,284.0M,2.22
7245,Industrial Products & Services,0.21,0.18,0.41,107.5M,0.3
7121,Consumer Products & Services,0.695,0.32,0.73,55.6M,0.62
5156,Consumer Products & Services,0.115,0.07,0.125,207.6M,0.79
5267,Transportation & Logistics,0.435,0.245,0.93,94.0M,0.86
7003,Property,0.75,0.65,0.995,163.9M,1.47
7178,Health Care,2.37,2.24,2.98,330.8M,2.34
5584,Consumer Products & Services,2.13,1.8,2.35,408.1M,3.3412
5048,Industrial Products & Services,0.55,0.52,0.65,80.1M,1.35
7293,Energy,6.49,4.03,7.31,"7,102.7M",1.58
7020,Industrial Products & Services,0.11,0.09,0.16,38.6M,0.12
7014,Industrial Products & Services,0.285,0.195,0.335,29.3M,1.21
3158,Property,2.77,1.1,2.8,"1,465.3M",2.26
7066,Property,0.16,0.16,0.445,142.5M,0.77
5159,Consumer Products & Services,0.96,0.94,1.24,153.6M,1.44
4677,Utilities,0.9,0.82,1.25,"9,916.4M",1.23
5109,Real Estate Investment Trusts,1.35,1.18,1.39,"2,300.9M",1.5836
6742,Utilities,0.77,0.67,0.945,"6,281.8M",1.59
7028,Construction,0.625,0.155,0.69,90.1M,1.73
2283,Construction,0.07,0.025,0.125,59.1M,0.05
5131,Consumer Products & Services,1.44,1.23,1.68,662.4M,1.345
